시장,종목명,코드,최종확률,절대금지확률,관망확률,예측시점가격,목표가,손절가,거래량파워
KOSPI,BYC우,001465,31.670716905376096,37.18609238908028,31.1431892154275,26900,27976,26093,0
KOSPI,AJ네트웍스,095570,35.98694108295414,31.860211038252373,32.15284415350318,4250,4420,4122,8
KOSPI,AK홀딩스,006840,36.04249728728206,35.01026526035075,28.94723447213495,6640,6905,6440,64
KOSPI,CJ4우(전환),00104K,32.19984126168624,40.78131975888674,27.018835999194792,128000,133120,124160,10
KOSPI,BNK금융지주,138930,28.315448669722766,38.83516001771638,32.84939280267697,15370,15984,14908,9
KOSPI,BYC,001460,32.329062478161696,38.965882607874605,28.705053423847588,37600,39104,36472,13
KOSPI,CJ CGV,079160,37.50609342074935,35.696807951874355,26.797102352666595,5030,5231,4879,11
KOSPI,BGF,027410,36.2599682474322,35.520745714189125,28.219286038378677,3820,3972,3705,109
KOSPI,CJ,001040,32.00455788900896,42.009868234669604,25.985573876321432,132600,137904,128622,10
KOSPI,BGF리테일,282330,33.141057131617465,38.519298731899596,28.339642646366812,127700,132808,123869,13
KOSPI,CJ대한통운,000120,27.355217609143818,38.14914153789582,34.49564234307647,69900,72696,67803,17
KOSPI,CJ우,001045,30.94111683061603,36.365517762982876,32.6933654064011,66500,69160,64505,3
KOSPI,CJ제일제당 우,097955,25.620903906205523,35.0278190875641,39.35127700623039,110100,114504,106797,6
KOSPI,CJ제일제당,097950,30.495350608594297,39.14210662446457,30.362545747173364,183700,191048,178189,27
KOSPI,CR홀딩스,000480,22.287238403993914,39.51893733360425,38.193821282169594,4340,4513,4209,11
KOSPI,DB손해보험,005830,33.0648536771557,39.87214387331498,27.063000214355128,185500,192920,179935,10
KOSPI,CJ씨푸드,011150,27.80232496412526,28.322663441682444,43.87501680959871,1888,1963,1831,11
KOSPI,DB,012030,30.943722300643163,36.568133205002404,32.48814598447055,2070,2152,2007,12
KOSPI,CS홀딩스,000590,34.21201679150707,28.918084263873144,36.8699004347359,70200,73008,68094,29
KOSPI,CJ씨푸드1우,011155,30.13764316321246,37.538656524213906,32.323698077399456,5440,5657,5276,18
KOSPI,DB증권,016610,31.971320339788512,29.83741996058475,38.19126118974285,10000,10400,9700,16
KOSPI,DL이앤씨,375500,30.717391712062327,35.79711474411017,33.4854920537114,69400,72176,67318,16
KOSPI,DL우,000215,32.04276634781844,32.360501324672846,35.59673381762482,24000,24960,23280,9
KOSPI,DI동일,001530,31.342386322656036,35.14342944748374,33.51418721009247,25600,26624,24832,4
KOSPI,DL,000210,31.52922150112921,33.13819660421959,35.332581894651206,48650,50596,47190,19
KOSPI,DL이앤씨2우(전환),37550L,29.11839707955305,32.06110987038781,38.82048857971079,44700,46488,43359,9
KOSPI,DL이앤씨우,37550K,25.086518570160088,26.946236201799955,47.967246718156076,26000,27040,25220,13
KOSPI,DKME,015590,32.47891345228887,42.257069277804234,25.26401652484883,2185,2272,2119,1
KOSPI,DB하이텍,000990,38.049466432385714,33.051998578072414,28.898536479657995,140600,146224,136382,16
KOSPI,DN오토모티브,007340,35.055903296069204,39.26259320958378,25.681502004230904,48500,50440,47045,13
KOSPI,DRB동일,004840,29.994217632302227,31.238549540158044,38.76722835719137,3980,4139,3860,1
KOSPI,DSR,155660,30.312171758069745,38.28581136305819,31.402015388755956,4210,4378,4083,20
KOSPI,DSR제강,069730,34.10436961441998,35.47887061783275,30.416764238095638,5420,5636,5257,0
KOSPI,DS단석,017860,38.7561718097033,34.3064705513404,26.93735763895631,13100,13624,12707,21
KOSPI,E1,017940,32.38103714861463,33.80442820693344,33.81453315433581,91300,94952,88561,11
KOSPI,F&F,383220,35.63431656634633,31.907700027231993,32.45798340642168,73900,76856,71683,32
KOSPI,F&F홀딩스,007700,30.220150308852347,34.098945954129874,35.68090299195973,13500,14040,13095,14
KOSPI,ESR켄달스퀘어리츠,365550,31.559823584240526,46.704961254809355,21.73521441589206,3115,3239,3021,4
KOSPI,DYP,092780,30.474628873448893,40.024122341307546,29.50125027535969,3290,3421,3191,7
KOSPI,GKL,114090,28.80879817543499,34.47772247206811,36.713479352496904,8620,8964,8361,19
KOSPI,GS건설,006360,33.77397179565461,32.02060933271641,34.20541514633868,32300,33592,31331,12
KOSPI,GS글로벌,001250,31.847875493185672,43.642117962218386,24.510006544595946,3225,3354,3128,59
KOSPI,GS,078930,36.90280273610242,31.007009241063383,32.090185042601945,106100,110344,102917,14
KOSPI,GS리테일,007070,30.668360086588166,40.70217452650755,28.62946687702041,21900,22776,21243,7
KOSPI,GS피앤엘,499790,35.75396172104998,33.974387242466705,30.271652526599436,37500,39000,36375,6
KOSPI,HDC,012630,37.149260761571746,39.67115245988975,23.179586778538507,22450,23348,21776,10
KOSPI,GS우,078935,37.025531816614546,35.547072900291994,27.427394538035404,59000,61360,57230,8
KOSPI,HD건설기계,267270,41.801815816745545,33.97625205067728,24.221928407286878,107600,111904,104372,50
KOSPI,HDC랩스,039570,30.55449806086662,35.27893576691435,34.166564682102894,7460,7758,7236,9
KOSPI,HDC현대EP,089470,30.290040664192354,37.885215741571955,31.82474210411958,3865,4019,3749,5
KOSPI,HD현대,267250,31.90838859226742,36.064754889847805,32.026858008000886,183100,190424,177607,23
KOSPI,HD현대마린솔루션,443060,37.352691892427146,34.13732592998082,28.50998366770815,216000,224640,209520,9
KOSPI,HD한국조선해양,009540,30.393309803313777,37.05231532665728,32.55437636014506,301500,313560,292455,50
KOSPI,HD현대마린엔진,071970,31.959576064417526,33.11527672810902,34.925144972299265,43500,45240,42195,27
KOSPI,HD현대에너지솔루션,322000,30.01744403555887,39.46651666025916,30.516040794298082,148900,154856,144433,24
KOSPI,HD현대중공업,329180,28.740523940426787,39.26785726064173,31.99161581869924,387500,403000,375875,20
KOSPI,HL D&I,014790,27.817145993504543,36.197127598320954,35.98573087852286,2465,2563,2391,19
KOSPI,HD현대일렉트릭,267260,29.045277525361325,30.185968038468268,40.76875667134458,601000,625040,582970,33
KOSPI,HLB글로벌,003580,35.14595286396109,39.40043827866963,25.453608857369268,2100,2184,2037,37
KOSPI,HJ중공업,097230,24.03632724421336,35.31307921889344,40.65059130171901,14550,15132,14113,22
KOSPI,HL홀딩스,060980,31.29352896459811,33.6903573125538,35.0161152129642,37600,39104,36472,6
KOSPI,HL만도,204320,23.91498621332883,31.778393690307073,44.30661935130604,44950,46748,43601,32
KOSPI,HMM,011200,36.142859721127444,32.92224494795203,30.934890860572175,20950,21788,20321,21
KOSPI,HS애드,035000,36.362355286889134,36.801636594739676,26.836008863429246,6420,6676,6227,3
KOSPI,HS화성,002460,31.530324762836813,32.38628718334686,36.08338656370021,10960,11398,10631,5
KOSPI,INVENI,015360,30.18659957403802,39.24105775749986,30.57233968822989,14620,15204,14181,17
KOSPI,HS효성,487570,33.386702492262415,40.62484738988218,25.988447137623172,50700,52728,49179,25
KOSPI,IPARK현대산업개발,294870,38.8343672421912,30.96427587254106,30.201359120441918,21850,22724,21194,8
KOSPI,JB금융지주,175330,36.23441103885652,38.44261749677407,25.322968484137178,28050,29172,27208,19
KOSPI,HS효성첨단소재,298050,31.288046498391658,33.680600478382516,35.031351533109714,163100,169624,158207,9
KOSPI,JW중외제약,001060,38.31675338660971,34.8443664352271,26.838881668279292,27150,28236,26335,34
KOSPI,JW생명과학,234080,22.7797457358922,29.8635655581476,47.35668870596021,10940,11377,10611,8
KOSPI,KBI동양철관,008970,33.01570190700088,39.569069736961374,27.41522761097968,1397,1452,1355,14
KOSPI,JW홀딩스,096760,32.11705809117276,33.74515165124424,34.137790257583,4170,4336,4044,33
KOSPI,KB금융,105560,25.507942968240492,35.10783329537605,39.38422671661571,165900,172536,160923,14
KOSPI,KB발해인프라,415640,30.698573940783746,35.66244571335362,33.63898183597874,9970,10368,9670,2
KOSPI,KCC글라스,344820,37.582702805825484,34.69316558684989,27.724132352382686,23650,24596,22940,14
KOSPI,KB스타리츠,432320,31.53614930578418,33.00896329555536,35.45488888877658,1615,1679,1566,12
KOSPI,KCTC,009070,37.815267283616215,31.992704987279435,30.192026238988234,4220,4388,4093,42
KOSPI,KCC,002380,26.85008940941116,33.163808025232214,39.98610256535663,465500,484120,451535,10
KOSPI,KEC,092220,35.07561873975934,42.27778477676433,22.646600208766632,3185,3312,3089,7
KOSPI,KG모빌리티,003620,33.45401448878973,28.110686142577133,38.43529862357508,2620,2724,2541,15
KOSPI,KG모빌리티플랫폼,381970,34.80657274338369,34.13933172213043,31.054092554253643,6360,6614,6169,31
KOSPI,KG케미칼,001390,30.45556314073813,32.73109619697748,36.813340662284375,4155,4321,4030,25
KOSPI,KR모터스,000040,26.20454383555883,31.99671593942562,41.798737989841364,1007,1047,976,12
KOSPI,KPX홀딩스,092230,39.77075922540067,35.841951678274235,24.387291331499274,96600,100464,93702,11
KOSPI,KG스틸,016380,29.918362377134812,37.70843001180785,32.37320984623152,5610,5834,5441,11
KOSPI,KISCO홀딩스,001940,36.37512748730693,33.00866236636851,30.61621089138261,25450,26468,24686,14
KOSPI,KPX케미칼,025000,32.79505245972707,39.186423752286416,28.018523042928457,58600,60944,56842,10
KOSPI,KSS해운,044450,43.221142162388816,29.65125297890379,27.127600388359035,12300,12792,11931,3
KOSPI,KT,030200,30.11499097985834,36.47662534450234,33.40838516575544,51200,53248,49664,21
KOSPI,KT&G,033780,31.08126582234717,37.843853597768415,31.074880579884418,178200,185328,172854,14
KOSPI,KTcs,058850,38.49057901612497,35.69036570980547,25.81905601912762,2205,2293,2138,6
KOSPI,KTis,058860,27.78341389219548,33.21128771635086,39.00529839145365,2615,2719,2536,1
KOSPI,LG생활건강,051900,45.35610736064303,29.7489163307428,24.89497705367224,266000,276640,258020,15
KOSPI,LG,003550,32.46783289349142,31.483164357300176,36.04899976897617,109900,114296,106603,13
KOSPI,LG디스플레이,034220,27.028281891450657,28.21344954740489,44.758270796318634,8300,8632,8051,27
KOSPI,LG생활건강우,051905,32.37559269476545,35.55912070072481,32.06528511439362,93800,97552,90986,9
KOSPI,LF,093050,36.807628054904626,36.44469795493125,26.747671009931885,23600,24544,22892,27
KOSPI,LG씨엔에스,064400,23.091141592228457,32.43127718526475,44.477576007100375,68300,71032,66251,28
KOSPI,LG에너지솔루션,373220,33.38394995864452,37.60503252341614,29.01101602782321,415000,431600,402550,116
KOSPI,LG우,003555,26.70130237616826,31.56603938711897,41.73265749165471,68400,71136,66348,12
KOSPI,LG이노텍,011070,31.679585024748413,34.6633476204496,33.65707182515033,574000,596960,556780,26
KOSPI,LG유플러스,032640,30.627009189012412,33.7047026923024,35.66829184397549,14530,15111,14094,9
KOSPI,LG전자,066570,29.774946422916564,33.65168311431626,36.573368972651046,201500,209560,195455,35
KOSPI,LG헬로비전,037560,24.28337424067188,31.850163608642546,43.86646140562752,1545,1606,1498,19
KOSPI,LG전자우,066575,31.186633428226074,33.81121447148308,35.002152100290836,72900,75816,70713,15
KOSPI,LG화학,051910,38.82921448101154,34.30818077561073,26.862604743377737,285500,296920,276935,61
KOSPI,LIG디펜스앤에어로스페이스,079550,35.352112039651466,33.33566833975781,31.312218130474605,625000,650000,606250,51
KOSPI,LG화학우,051915,39.86480243861527,33.75680419477417,26.37839187649443,125400,130416,121638,75
KOSPI,LS,006260,32.948171017243546,37.68585803206738,29.365972440805198,268000,278720,259960,38
KOSPI,LS ELECTRIC,010120,27.606952310816414,27.2483532487311,45.144688479988005,197700,205608,191769,43
KOSPI,LS에코에너지,229640,44.29143884014636,29.854211206532778,25.854349953320867,70100,72904,67997,21
KOSPI,LS네트웍스,000680,23.955206090588955,26.68184650579924,49.3629511289021,2965,3083,2876,8
KOSPI,LX인터내셔널,001120,34.401884015613085,37.38224517972681,28.21586782442787,43950,45708,42631,8
KOSPI,LX세미콘,108320,25.455996991000614,31.428396789219114,43.11560696483833,37950,39468,36811,10
KOSPI,LX하우시스,108670,31.13358659872415,33.45571219484182,35.41070120643403,32650,33956,31670,12
KOSPI,LX하우시스우,108675,33.71109553445236,30.655298335634768,35.63360762002899,17930,18647,17392,35
KOSPI,LX홀딩스,383800,27.498811210769965,29.84804367024625,42.6531503343902,8070,8392,7827,27
KOSPI,LX홀딩스1우,38380K,29.081368629524885,40.543472706356134,30.37515419377063,7650,7956,7420,3
KOSPI,MDS스피어,009810,30.138598636990565,40.78487346689461,29.076530131289,1882,1957,1825,6
KOSPI,MH에탄올,023150,31.49655910836826,42.69279195547169,25.810648936160046,4580,4763,4442,43
KOSPI,NC,036570,31.17592220955635,41.1819159112801,27.642164859395784,220000,228800,213400,49
KOSPI,NAVER,035420,32.39752379492998,38.35281623746692,29.249659222545034,183950,191308,178431,44
KOSPI,NHN,181710,39.04213101435108,35.95600503157475,25.001864699132238,56900,59176,55193,6
KOSPI,NH투자증권우,005945,29.286726804628714,40.008859495765336,30.704416679838197,21650,22516,21000,43
KOSPI,NH프라임리츠,338100,39.57458741704165,31.796668037419863,28.62874156530625,3745,3894,3632,33
KOSPI,NH투자증권,005940,25.049635587754686,21.271507630098142,53.678859017321344,25300,26312,24541,38
KOSPI,NICE,034310,40.837075816138785,32.03467267570026,27.12825225321902,11640,12105,11290,8
KOSPI,NH올원리츠,400760,28.777966084999395,37.43306204550528,33.78897186949532,2805,2917,2720,3
KOSPI,NICE평가정보,030190,34.4967367674586,36.32484981155181,29.178410440757354,16650,17316,16150,11
KOSPI,NI스틸,008260,27.295310331831807,32.731356795788415,39.97333287237977,3205,3333,3108,47
KOSPI,NPC,004250,29.643581228816107,34.82167551468762,35.534740276264024,2910,3026,2822,47
KOSPI,OCI,456040,27.16374017696037,31.386356948697568,41.44989989410981,72400,75296,70228,11
KOSPI,NPC우,004255,28.885328652206166,36.91974549800654,34.19492286955506,1876,1951,1819,0
KOSPI,PKC,001340,39.44427007005167,32.33581135533144,28.219921554849137,5150,5356,4995,26
KOSPI,PI첨단소재,178920,31.32465140163012,30.33942858971215,38.3359170284255,20650,21476,20030,28
KOSPI,OCI홀딩스,010060,38.93685299087345,36.00200143179842,25.061145577328137,240000,249600,232800,17
KOSPI,POSCO홀딩스,005490,28.484761487856357,35.837976507028614,35.677260514998906,312500,325000,303125,39
KOSPI,S-Oil,010950,40.06098173554945,33.89243457446447,26.04658368998608,168400,175136,163348,16
KOSPI,S-Oil우,010955,38.562708140360094,30.28860501343772,31.14868684620219,88900,92456,86233,7
KOSPI,SG글로벌,001380,33.01737775005961,42.86363136333316,24.118993866839478,999,1038,969,198
KOSPI,SBS,034120,22.691437652660476,35.03568014355006,42.272884438963644,11680,12147,11329,13
KOSPI,SGC에너지,005090,34.68749535114527,39.49358119305367,25.818923455801045,47500,49400,46075,20
KOSPI,SB성보,003080,20.44741480764301,25.917115463343578,53.63546823889729,2235,2324,2167,4
KOSPI,SG세계물산,004060,40.61242830645699,36.75862134167816,22.62895035186485,2175,2262,2109,95
KOSPI,SH에너지화학,002360,50.915492011780294,32.44564049164211,16.638868241635656,3455,3593,3351,5
KOSPI,SJG세종,033530,29.164597351853054,34.05458396061471,36.78081868753223,6860,7134,6654,41
KOSPI,SIMPAC,009160,29.636520084902006,32.85537616767925,37.508103747418744,4900,5096,4753,24
KOSPI,SJM,123700,41.06991074603071,28.14056765187155,30.789521602097743,3250,3380,3152,5
KOSPI,SJM홀딩스,025530,23.869884769615428,29.571331296985644,46.558787658689226,3660,3806,3550,8
KOSPI,SKC,011790,28.878417877297185,32.72075509974546,38.40082702295736,110400,114816,107088,40
KOSPI,SK,034730,27.93374846426122,27.99781178182937,44.068435283561044,575000,598000,557750,15
KOSPI,SK네트웍스,001740,23.01028184938711,31.999090003520525,44.990625911918194,6220,6468,6033,31
KOSPI,SK가스,018670,44.168596974635996,35.981659109656796,19.84974540582332,273000,283920,264810,24
KOSPI,SK디스커버리,006120,34.3603509766517,34.228248536891115,31.41139899634106,72300,75192,70131,37
KOSPI,SK디앤디,210980,39.410927463810616,39.76885377140679,20.820219882369674,3035,3156,2943,9
KOSPI,SK디스커버리우,006125,37.35093065989507,37.17146321667388,25.477606123431052,44000,45760,42680,1
KOSPI,SK리츠,395400,29.779968618286222,39.65357467320454,30.566458198625362,5280,5491,5121,7
KOSPI,SK바이오사이언스,302440,31.337470706574106,36.02792356698346,32.63460274621019,37250,38740,36132,28
KOSPI,SK바이오팜,326030,28.459493220952314,33.59402953564262,37.94647575328894,74200,77168,71974,32
KOSPI,SK아이이테크놀로지,361610,35.17421172590204,40.30852915643858,24.51726135283356,18630,19375,18071,27
KOSPI,SK스퀘어,402340,29.356880435643983,28.231353896045363,42.41177088371707,1101000,1145040,1067970,21
KOSPI,SK오션플랜트,100090,27.40245999498041,40.89253926624974,31.70500222888597,12300,12792,11931,18
KOSPI,SK우,03473K,23.821938113119497,30.095751512014147,46.08231037486637,370000,384800,358900,29
KOSPI,SK이노베이션우,096775,31.99088555513372,36.443012393488736,31.56610503160978,75800,78832,73526,32
KOSPI,SK이노베이션,096770,39.27870369703072,36.598336368483544,24.122958444369615,162600,169104,157722,29
KOSPI,SK이터닉스,475150,26.52540818678908,31.850745132750625,41.6238466804603,47050,48932,45638,34
KOSPI,SK증권,001510,28.82704445435464,44.00694100426104,27.16601603150045,2225,2314,2158,17
KOSPI,SK증권우,001515,26.217070034471963,46.943739787589074,26.83919539334539,4025,4186,3904,11
KOSPI,SK케미칼,285130,38.03969988951009,39.049298649224,22.91100295138203,51800,53872,50246,15
KOSPI,SK케미칼우,28513K,32.08272972180583,39.746322107234796,28.1709474259013,25550,26572,24783,0
KOSPI,SK텔레콤,017670,34.31374065240492,37.20353136875579,28.482727978839296,85800,89232,83226,14
KOSPI,SK하이닉스,000660,23.559022020073613,25.64140166891441,50.79957631101198,1731000,1800240,1679070,20
KOSPI,SNT다이내믹스,003570,31.7817515148368,40.63159604718543,27.58665541821001,29450,30628,28566,27
KOSPI,SNT에너지,100840,35.725399048371955,32.94969200855219,31.32490745295974,32700,34008,31719,13
KOSPI,SNT모티브,064960,30.683300783247745,34.554676798824836,34.76202390804353,26500,27560,25705,20
KOSPI,SP삼화,000390,30.822342705413412,39.38409475412679,29.793565520692034,7270,7560,7051,23
KOSPI,SNT홀딩스,036530,27.235033493472528,36.636775658840506,36.128190847686966,44400,46176,43068,12
KOSPI,STX그린로지스,465770,36.78450609179123,41.34107978631343,21.874414494424368,2250,2340,2182,63
KOSPI,SUN&L,002820,34.33412627147621,37.21709001211071,28.448784461471142,1185,1232,1149,115
KOSPI,SYTS,002170,29.476038381686287,37.388256314370565,33.13570828417538,52100,54184,50537,0
KOSPI,STX엔진,077970,26.804893944132925,36.594518094209896,36.60058349130881,21250,22100,20612,48
KOSPI,TBH글로벌,084870,38.08778436555292,37.05446624884606,24.85774864054296,2165,2251,2100,0
KOSPI,TKG휴켐스,069260,32.537563276872085,35.924680719381215,31.5377522784564,15860,16494,15384,29
KOSPI,TCC스틸,002710,39.15185125651996,35.07043162541639,25.77771413783141,14360,14934,13929,18
KOSPI,TP,007980,33.51241842604327,36.85756198840423,29.630018095436384,1774,1844,1720,15
KOSPI,TYM,002900,26.092633648179575,33.81386948974589,40.09349984230678,6520,6780,6324,11
KOSPI,WISCOM,024070,31.224200379182943,36.151963069723706,32.62383655109336,1970,2048,1910,9
KOSPI,YG PLUS,037270,27.904083372361466,30.362712118922325,41.73320376365815,3085,3208,2992,49
KOSPI,가온전선,000500,33.357832055949935,37.453543803253126,29.188622650680816,299500,311480,290515,17
KOSPI,강남제비스코,000860,27.442897771976217,40.891323813532956,31.66577841449083,12420,12916,12047,9
KOSPI,iM금융지주,139130,26.049431180959516,29.70638122464333,44.24418908451327,17850,18564,17314,14
KOSPI,강원랜드,035250,29.511849756612285,36.18288127602464,34.30526747724696,14280,14851,13851,15
KOSPI,경농,002100,26.375537567785784,35.59774190826926,38.02672052394496,9040,9401,8768,6
KOSPI,경동나비엔,009450,34.485568042002,36.45022260779416,29.06420935020384,61500,63960,59655,18
KOSPI,갤럭시아에스엠,011420,31.381471315075032,23.076525821047593,45.542002118819305,1390,1445,1348,18
KOSPI,경동도시가스,267290,35.36233409590629,33.170710116207744,31.466951317537607,20750,21580,20127,1
KOSPI,경동인베스트,012320,30.866729544002585,39.539684039128,29.59358343663717,46700,48568,45299,43
KOSPI,경방,000050,32.38420685624333,33.7846964322292,33.83109373129523,8130,8455,7886,64
KOSPI,계룡건설,013580,28.876489382978548,35.85549573043777,35.268017866815924,21300,22152,20661,11
KOSPI,경보제약,214390,28.871004524351342,39.81508200109063,31.313913474558035,5540,5761,5373,14
KOSPI,경인양행,012610,35.733329202248385,34.82788405816051,29.438788229707225,3455,3593,3351,20
KOSPI,계양전기,012200,25.69693978940797,34.351374317783865,39.9516888730404,3045,3166,2953,6
KOSPI,계양전기우,012205,25.59549599917026,31.97343298576326,42.43106803483423,4950,5148,4801,0
KOSPI,고려산업,002140,32.49031033581142,35.880977036215114,31.628711882915404,1916,1992,1858,5
KOSPI,고려아연,010130,36.287283118619676,36.53126396100986,27.181451430254356,1045000,1086800,1013650,19
KOSPI,광동제약,009290,35.28708081165131,32.69957020324229,32.013348240048344,6880,7155,6673,52
KOSPI,고려제강,002240,30.855757831877582,39.34030309991973,29.80393608797045,16690,17357,16189,15
KOSPI,광전자,017900,39.40807971790139,38.92413103616317,21.667787755819326,10470,10888,10155,7
KOSPI,광주신세계,037710,19.594062882890466,39.69558084023973,40.710356276869796,33650,34996,32640,16
KOSPI,교촌에프앤비,339770,33.75067115436065,35.447988651759985,30.801343174111608,3920,4076,3802,54
KOSPI,교보증권,030610,28.342589807821017,31.821918576018625,39.83549385133454,9680,10067,9389,16
KOSPI,국도화학,007690,28.374097588868064,42.36282004530193,29.26308236583,38700,40248,37539,14
KOSPI,그린케미칼,083420,28.042811358567487,34.63439217562312,37.32279348557716,4760,4950,4617,28
KOSPI,국제약품,002720,40.98480538513258,42.6141644139264,16.40103020094101,4605,4789,4466,1271
KOSPI,극동유화,014530,32.01501780896151,40.04667744077325,27.938303260149123,3405,3541,3302,3
KOSPI,금강공업우,014285,27.01507706435361,41.30339276140236,31.681530919302098,5880,6115,5703,7
KOSPI,금강공업,014280,31.754387770362914,41.08906449307999,27.156544756324863,4670,4856,4529,4
KOSPI,금비,008870,30.82509373858464,36.30257643068954,32.872329085667765,38950,40508,37781,3
KOSPI,금호건설우,002995,28.349081188737784,36.35232541335316,35.29859712319936,14500,15080,14065,6
KOSPI,금호건설,002990,33.101513753476404,39.5465940830067,27.351889183284662,11170,11616,10834,14
KOSPI,금호석유화학우,011785,28.792502910609542,35.14074386185598,36.06675173741835,48650,50596,47190,16
KOSPI,금호석유화학,011780,33.882884208072575,32.749205550685694,33.36790875112561,115700,120328,112229,11
KOSPI,금호에이치티,214330,34.7856287403096,37.81557449875192,27.3987982510546,6890,7165,6683,15
KOSPI,금호전기,001210,37.97385638993188,38.02448349813305,24.00165899434797,8580,8923,8322,6
KOSPI,금호타이어,073240,29.490573450579934,37.611519600246424,32.89790694917364,6690,6957,6489,13
KOSPI,기신정기,092440,31.17275816065373,41.624579231492,27.20266558808651,1838,1911,1782,6
KOSPI,기아,000270,25.338729767004025,25.61354063921423,49.0477266135495,106900,111176,103693,24
KOSPI,기업은행,024110,27.405247313078117,37.481250376298135,35.11350380073986,20000,20800,19400,11
KOSPI,까뮤이앤씨,013700,31.98092076246043,27.277073381553464,40.74200436586998,1523,1583,1477,56
KOSPI,깨끗한나라,004540,31.705015025773147,41.2432078209581,27.05177938844293,1224,1272,1187,33
KOSPI,깨끗한나라우,004545,37.5047767741074,38.064844390942255,24.43037883495035,3500,3640,3395,1
KOSPI,남성,004270,35.61074097649075,37.43723782602007,26.952021197489174,5610,5834,5441,2
KOSPI,남선알미우,008355,27.920415076683376,41.757179333462894,30.32240409973761,7020,7300,6809,1
KOSPI,남선알미늄,008350,34.16267156097427,41.18631639271049,24.651009811141066,1079,1122,1046,16
KOSPI,남광토건,001260,34.9158742037673,35.65270181784252,29.431423978390182,8220,8548,7973,19
KOSPI,남양유업우,003925,27.408825687635762,38.1579596445453,34.43321764805117,29700,30888,28809,1
KOSPI,남양유업,003920,28.989446673661863,38.793681429271714,32.21687338718254,41700,43368,40449,5
KOSPI,남해화학,025860,33.38059636655708,39.35156989996877,27.267837458764433,6000,6240,5820,12
KOSPI,넥센,005720,36.546210840834966,38.31786017480518,25.135926004127608,6350,6604,6159,13
KOSPI,넥센우,005725,39.840340896690314,38.353752176278796,21.805906181972833,4450,4628,4316,19
KOSPI,넥스틸,092790,27.330213398651637,36.9171889316076,35.752594689508534,13620,14164,13211,2
KOSPI,넥센타이어1우B,002355,29.25908117280044,33.543611532105224,37.19731027532658,3925,4082,3807,0
KOSPI,넥센타이어,002350,29.296082678930592,45.717813967188384,24.986101118706845,5760,5990,5587,7
KOSPI,넷마블,251270,32.22280041289836,41.38640186635365,26.390797720747994,33800,35152,32786,6
KOSPI,노루페인트,090350,37.35298361066024,32.586819572610366,30.060196816729402,8370,8704,8118,33
KOSPI,노루페인트우,090355,33.66517026883483,37.947500723509954,28.387327517539095,11930,12407,11572,189
KOSPI,노루홀딩스,000320,34.017313278381586,36.28155003663065,29.701135194871643,15530,16151,15064,24
KOSPI,노루홀딩스우,000325,39.9227597178051,33.517028449953465,26.560208852009193,28950,30108,28081,31
KOSPI,녹십자,006280,30.989791817737032,40.65529430645694,28.35491685603827,129100,134264,125227,32
KOSPI,녹십자홀딩스,005250,34.427573401380485,35.50209496493771,30.070330143565677,9780,10171,9486,50
KOSPI,녹십자홀딩스2우,005257,32.53714230124518,40.21708052885715,27.245777169897668,18000,18720,17460,50
KOSPI,농심홀딩스,072710,32.187679801729416,37.341534536642506,30.47078566162808,88500,92040,85845,9
KOSPI,농심,004370,37.653738615042734,37.99998396370392,24.346274441021105,394000,409760,382180,15
KOSPI,다스코,058730,29.230007616395724,38.25957909442862,32.51041328917565,3145,3270,3050,11
KOSPI,다올투자증권,030210,30.472013838923505,34.643360833006376,34.884626818186234,3960,4118,3841,85
KOSPI,다우기술,023590,29.861083402437227,28.739323153613185,41.3995934439496,36800,38272,35696,20
KOSPI,달바글로벌,483650,41.4143249815483,32.031416658932244,26.554257614461406,175300,182312,170041,16
KOSPI,대교,019680,31.577231566023933,33.78247911458739,34.640289319388685,1616,1680,1567,38
KOSPI,대교우B,019685,28.36618964850973,36.52662268746884,35.10718989919561,984,1023,954,6
KOSPI,대구백화점,006370,29.938576929948983,40.3560959805339,29.705324854342933,2980,3099,2890,4
KOSPI,대덕1우,00806K,29.016739308720375,32.71157994204845,38.2716822393473,10960,11398,10631,57
KOSPI,대덕,008060,33.338858885947175,28.997813521978266,37.66332833713262,16330,16983,15840,7
KOSPI,대덕전자,353200,39.908906968779704,33.34735724741869,26.743735783801615,157600,163904,152872,50
KOSPI,대덕전자1우,35320K,33.73858245752685,34.85082213692777,31.410593915429253,28250,29380,27402,65
KOSPI,대동,000490,31.003147690891254,42.21524602120012,26.78160777802473,7480,7779,7255,10
KOSPI,대림바스,005750,26.239432315066008,30.76934008208071,42.991227602853286,4240,4409,4112,25
KOSPI,대림통상,006570,32.04277983901566,40.425249240684614,27.53197315547391,1846,1919,1790,8
KOSPI,대상,001680,33.41554977638212,38.376268319506515,28.208180413995244,17580,18283,17052,14
KOSPI,대상우,001685,27.627614702176224,31.198941112744915,41.173449400485275,14750,15340,14307,1
KOSPI,대상홀딩스,084690,30.77380946252235,36.499134599617136,32.72705593786053,7880,8195,7643,6
KOSPI,대상홀딩스우,084695,37.031919195863374,36.94300249995662,26.025076814063887,13850,14404,13434,11
KOSPI,대성에너지,117580,24.972803882288172,31.396601987072764,43.63059338558101,7060,7342,6848,2
KOSPI,대성산업,128820,36.13282396127582,37.50820961104765,26.35896493756042,4550,4732,4413,516
KOSPI,대성홀딩스,016710,27.272144119201702,32.13640005119161,40.591457319722814,6900,7176,6693,0
KOSPI,대신밸류리츠,0030R0,29.871545805287553,37.25503375306947,32.873420441642985,3985,4144,3865,0
KOSPI,대신증권,003540,28.939930128878277,34.54656969695505,36.51350166428278,24450,25428,23716,44
KOSPI,대신증권2우B,003547,24.32529165122377,23.801678583331835,51.873032745676625,19050,19812,18478,24
KOSPI,대신증권우,003545,28.63246590892222,23.80034601255348,47.56718807852431,19800,20592,19206,38
KOSPI,대양금속,009190,37.810073005514184,40.914830343265876,21.275097396278,671,697,650,94
KOSPI,대우건설,047040,31.44955104484426,35.43805023053423,33.112398724621514,16800,17472,16296,12
KOSPI,대웅,003090,29.74122530483434,37.67872706501815,32.580046885089445,15430,16047,14967,14
KOSPI,대웅제약,069620,28.763566960228165,41.63923388834003,29.597193936025384,109800,114192,106506,35
KOSPI,대원강업,000430,35.70227606912521,34.46884965454141,29.828873531275324,4415,4591,4282,8
KOSPI,대원전선,006340,29.18816589070903,35.160422468138044,35.65141313126905,12790,13301,12406,12
KOSPI,대원제약,003220,41.88606624376705,34.07339332235827,24.040535963526327,8160,8486,7915,39
KOSPI,대원전선우,006345,25.989296653475513,33.003827760647674,41.006877075992925,9890,10285,9593,11
KOSPI,대원화성,024890,32.244839145514376,40.17103146604929,27.584126408204092,1502,1562,1456,156
KOSPI,대창,012800,30.225997602755463,33.934456465857956,35.83954593138658,1149,1194,1114,19
KOSPI,대창단조,015230,28.771140983946108,36.93940374242785,34.28945527362603,6490,6749,6295,4
KOSPI,대한전선,001440,29.30031166458338,34.634710634239006,36.06497919129374,28550,29692,27693,31
KOSPI,대한방직,001070,27.184514303377256,30.526390502317113,42.289095194305624,5630,5855,5461,14
KOSPI,대한제당,001790,31.23806280164218,34.40295202553588,34.35898517282193,2795,2906,2711,9
KOSPI,대한제강,084010,34.28431192299956,31.100421564152413,34.61526874802221,9020,9380,8749,30
KOSPI,대한유화,006650,32.79195052812139,41.40356483644933,25.804483890371227,90400,94016,87688,14
KOSPI,대한제당우,001795,29.349135351686627,36.29425038090396,34.35661277729329,2115,2199,2051,6
KOSPI,대한제분,001130,30.606522499331483,36.3452478745052,33.04823111627944,11120,11564,10786,4
KOSPI,대한조선,439260,23.704727497470866,31.67137707696407,44.62389319039087,46300,48152,44911,42
KOSPI,대한항공,003490,38.21183425628071,36.31432852257158,25.47383871126383,30500,31720,29585,13
KOSPI,대한항공우,003495,28.125676206216138,33.42895955794772,38.44536572595225,22000,22880,21340,12
KOSPI,대한해운,005880,30.100013531136938,34.26067054196894,35.63931294666188,2040,2121,1978,13
KOSPI,대한화섬,003830,31.41153052379422,32.26837707254055,36.32009091354911,109900,114296,106603,15
KOSPI,더본코리아,475560,26.57158877374881,36.48513516500016,36.94327606125103,14020,14580,13599,28
KOSPI,더블유게임즈,192080,31.749917275369366,38.06465673795496,30.185425241617615,57000,59280,55290,37
KOSPI,대현,016090,29.778053794541314,34.52081986941351,35.70112633604517,1418,1474,1375,0
KOSPI,덕성,004830,31.6298733121554,27.01393817509529,41.35618404240095,3445,3582,3341,30
KOSPI,덴티움,145720,33.888262225253094,38.682943903932774,27.42879089058189,40600,42224,39382,71
KOSPI,덕성우,004835,27.14386318877698,39.29628604346559,33.559847787525186,5180,5387,5024,70
KOSPI,도화엔지니어링,002150,28.339573298103172,36.240712311559975,35.41971290022074,4935,5132,4786,19
KOSPI,동국씨엠,460850,31.13046997930723,32.73976216047355,36.1297663701031,5280,5491,5121,3
KOSPI,동국제강,460860,37.17529597277124,33.73512473365018,29.08958003863664,9600,9984,9312,48
KOSPI,동국홀딩스,001230,35.42081930339633,37.34580977137391,27.23336943511365,2015,2095,1954,8
KOSPI,동방,004140,27.957873269150603,28.24278088159136,43.799348829490285,1810,1882,1755,7
KOSPI,동방아그로,007590,30.897309618456482,37.626810269121705,31.47588458277017,5560,5782,5393,3
KOSPI,동부건설,005960,31.273544897476917,35.26403086329177,33.46242721946354,8290,8621,8041,17
KOSPI,동부건설우,005965,26.626840123018532,37.25398365563635,36.119173241112875,17100,17784,16587,0
KOSPI,동서,026960,32.62127580571763,40.395297151039244,26.983428533359245,26450,27508,25656,11
KOSPI,동성케미컬,102260,29.489414841036144,31.140270705625557,39.37031296322218,3725,3874,3613,8
KOSPI,동아쏘시오홀딩스,000640,33.3913567321365,33.63940230498411,32.96923947276327,93600,97344,90792,7
KOSPI,동아에스티,170900,36.020069813023866,31.960039229282938,32.01989095769319,35250,36660,34192,14
KOSPI,동아지질,028100,34.57772987993592,39.31641550122795,26.105855363894186,19630,20415,19041,2
KOSPI,동양,001520,28.259490731899582,41.14448371160405,30.596027046612484,1109,1153,1075,10
KOSPI,동양2우B,001527,29.94025591366927,42.47161191848502,27.588130677729595,4910,5106,4762,0
KOSPI,동양고속,084670,35.5323991947817,46.27216192065076,18.195440374683656,36850,38324,35744,1245
KOSPI,동양우,001525,31.368401701689404,40.59914937878252,28.032447429411967,7580,7883,7352,0
KOSPI,동원모빌리티,018500,30.939746441480708,36.275661984937194,32.78459306369821,1314,1366,1274,24
KOSPI,동원산업,006040,33.65942324847624,27.42532630311859,38.91525044840518,34800,36192,33756,10
KOSPI,동원수산,030720,30.666929465336946,39.51508282148636,29.8179877131767,4795,4986,4651,245
KOSPI,동원시스템즈,014820,33.71988121471298,39.13038276738094,27.14973601790608,22050,22932,21388,30
KOSPI,동인기연,111380,32.843553589671615,37.009557735060575,30.146885695035575,12820,13332,12435,0
KOSPI,동일고무벨트,163560,31.503836877219303,32.79519878096136,35.7009688121677,5470,5688,5305,12
KOSPI,동일산업,004890,36.45861863427756,34.72374525000576,28.817636860774737,34300,35672,33271,2
KOSPI,동일제강,002690,25.49726624097286,25.68676380312851,48.81597070095669,1307,1359,1267,1
KOSPI,동화약품,000020,29.12522956739275,36.00522818235702,34.86954076013411,5400,5616,5238,30
KOSPI,두산2우B,000157,24.79778155712749,27.871220164764793,47.330992317643236,364000,378560,353080,7
KOSPI,두산로보틱스,454910,28.13138373925173,38.74846095850158,33.12015530224669,69900,72696,67803,28
KOSPI,두산밥캣,241560,31.843806296918675,30.564891723185276,37.591303470012164,53900,56056,52283,22
KOSPI,두산,000150,28.095400953978565,32.72419351356275,39.180404042342566,1348000,1401920,1307560,16
KOSPI,두산에너빌리티,034020,31.33619992421806,33.3390399837841,35.324761582113965,76800,79872,74496,34
KOSPI,두산퓨얼셀,336260,40.15696068204937,32.87559551756899,26.967447525671943,44900,46696,43553,11
KOSPI,두산우,000155,26.42692430582064,31.56604129465791,42.007031419289206,441000,458640,427770,25
KOSPI,두산퓨얼셀1우,33626K,41.533724888695254,33.28711663884807,25.179155492224435,6160,6406,5975,6
KOSPI,두산퓨얼셀2우B,33626L,33.46867216266089,36.86296198298983,29.66836436423317,7220,7508,7003,15
KOSPI,두올,016740,40.38209527760015,39.51500273798847,20.102901239353326,4010,4170,3889,28
KOSPI,디씨엠,024090,28.57700087605875,35.93256064054632,35.490441463627164,11360,11814,11019,12
KOSPI,드림텍,192650,36.45287380203624,32.73040325588454,30.816722942079217,9190,9557,8914,5
KOSPI,디아이,003160,45.12416053782972,29.382833138795483,25.4930063233748,42000,43680,40740,22
KOSPI,디아이씨,092200,32.56080850075772,37.48281303775588,29.956379951602507,5720,5948,5548,25
KOSPI,디앤디플랫폼리츠,377190,35.58607940701021,34.374822716138375,30.039096386735288,1974,2052,1914,20
KOSPI,디와이,013570,30.545623105297242,38.23715404224009,31.21722359752073,4140,4305,4015,18
KOSPI,디와이덕양,024900,36.411414504204245,42.737826574200454,20.850759666653367,2185,2272,2119,7
KOSPI,디와이에이,002880,23.94309458096351,42.38798930181679,33.66891686227776,3625,3770,3516,7
KOSPI,디와이파워,210540,25.242287928711495,38.18888875403291,36.56881884690724,10860,11294,10534,59
KOSPI,롯데관광개발,032350,26.014046734327234,33.581493923806526,40.40445785175012,11280,11731,10941,12
KOSPI,롯데렌탈,089860,39.21623733954974,41.136425330870274,19.6473350944058,51000,53040,49470,10
KOSPI,롯데리츠,330590,37.85474413353398,34.92788683160888,27.217366054624904,4125,4290,4001,9
KOSPI,롯데손해보험,000400,28.951505866587667,42.04579219862779,29.00269820949425,2250,2340,2182,35
KOSPI,롯데쇼핑,023530,26.362585637301873,41.599161645916276,32.03825048160767,98200,102128,95254,4
KOSPI,롯데에너지머티리얼즈,020150,37.801101042949426,35.33187837614763,26.867022816077125,55000,57200,53350,41
KOSPI,롯데웰푸드,280360,40.69007547725679,34.70366090809798,24.606259889354938,119900,124696,116303,31
KOSPI,롯데이노베이트,286940,30.574734196576486,34.415891360085105,35.0093729532223,17670,18376,17139,28
KOSPI,롯데지주,004990,27.999485414787774,42.91390200764409,29.08660810721978,23150,24076,22455,13
KOSPI,롯데정밀화학,004000,34.38764476221346,36.42975124733188,29.18260250033855,42600,44304,41322,20
KOSPI,롯데지주우,00499K,24.308591330764422,43.28913633156788,32.402275317899935,24200,25168,23474,1
KOSPI,롯데칠성우,005305,32.59571356979488,26.162988754112693,41.24129916620854,65400,68016,63438,21
KOSPI,롯데칠성,005300,28.14107748768929,35.451953547653126,36.40696821959952,95100,98904,92247,16
KOSPI,롯데하이마트,071840,34.37649828074731,34.163604909743015,31.45989531939355,5900,6136,5723,34
KOSPI,롯데케미칼,011170,29.620660197624428,43.80110149796484,26.578241284642978,60700,63128,58879,12
KOSPI,마니커,027740,39.5245866653735,32.72071343476595,27.75469915480249,1131,1176,1097,3
KOSPI,마스턴프리미어리츠,357430,39.625402284183785,38.62795025918553,21.746645221456504,776,807,752,0
KOSPI,맥쿼리인프라,088980,26.238227863030495,44.95885652072425,28.80291785141944,9780,10171,9486,13
KOSPI,만호제강,001080,27.091582285287398,41.25162540475549,31.656790819840996,3970,4128,3850,8
KOSPI,맵스리얼티,094800,37.61888413958786,31.643369588490888,30.737745526863193,7440,7737,7216,5
KOSPI,메리츠금융지주,138040,38.13944379564915,38.645056760674045,23.215497953560675,129200,134368,125324,15
KOSPI,메타랩스,090370,33.172807190970325,32.374056876676114,34.45313444223744,1147,1192,1112,3
KOSPI,메타케어,118000,26.096477264835993,35.2916991955009,38.61182353966311,1191,1238,1155,25
KOSPI,명문제약,017180,32.08746020818889,38.910573576335175,29.00196621547594,1288,1339,1249,6
KOSPI,명신산업,009900,36.23604830228019,36.842070327173516,26.92188211560436,8470,8808,8215,12
KOSPI,명인제약,317450,35.2819383729856,34.02884240655808,30.68921922045632,42700,44408,41419,27
KOSPI,모나리자,012690,26.18122300840754,39.1925813574896,34.626194143986744,1417,1473,1374,77
KOSPI,모나미,005360,29.360932023650182,33.62713637138234,37.01193160496747,1137,1182,1102,507
KOSPI,모나용평,070960,36.414410090990145,35.53148026700585,28.054109642004015,1750,1820,1697,193
KOSPI,모토닉,009680,31.699371749936628,35.74003436608002,32.56059611915752,10040,10441,9738,13
KOSPI,무학,033920,28.45583220340213,37.314124085653184,34.23004520106081,7280,7571,7061,47
KOSPI,무림P&P,009580,30.621882803511287,40.26772421427029,29.110394472334544,1760,1830,1707,3
KOSPI,무림페이퍼,009200,34.00850594378728,36.597576649145424,29.39392038729953,1525,1586,1479,4
KOSPI,문배철강,008420,27.914909991110854,33.321789684105,38.76329883466803,2075,2158,2012,14
KOSPI,미래산업,025560,27.791165909147313,41.80226523860433,30.406565872016124,7950,8268,7711,20
KOSPI,미래아이앤지,007120,31.245402447569404,37.2821783008404,31.472421486764368,977,1016,947,22
KOSPI,미래에셋글로벌리츠,396690,29.123164767047193,42.13580411508033,28.741029627756355,1322,1374,1282,16
KOSPI,미래에셋맵스리츠,357250,31.63887118618926,37.5609060237345,30.800219809844005,1845,1918,1789,0
KOSPI,미래에셋생명,085620,30.40688092825433,34.89975544536033,34.6933606461531,20750,21580,20127,89
KOSPI,미래에셋증권,006800,28.282372291725128,33.6766627629969,38.0409664353941,29475,30654,28590,25
KOSPI,미래에셋증권우,006805,21.932419807415133,28.844164757107148,49.22341394536159,10690,11117,10369,16
KOSPI,미래에셋증권2우B,00680K,24.570627060408757,32.06330402121297,43.366071153552454,9810,10202,9515,19
KOSPI,미스토홀딩스,081660,29.287105036486942,41.15791493827792,29.554980025235132,38550,40092,37393,15
KOSPI,미원상사,002840,32.927149647451714,43.793402012781705,23.27944684965046,139600,145184,135412,56
KOSPI,미원에스씨,268280,31.464151777769978,39.39170819124716,29.14414152109898,130000,135200,126100,57
KOSPI,미원홀딩스,107590,32.7585314979559,40.539165206418645,26.70230702091575,60000,62400,58200,18
KOSPI,미원화학,134380,35.85174560940566,38.35388097901873,25.7943734115756,10280,10691,9971,0
KOSPI,미창석유,003650,34.302433586631615,37.76369945749919,27.93386919104337,122400,127296,118728,8
KOSPI,바이오노트,377740,28.76205001906798,32.91965343852688,38.318296542405136,4625,4810,4486,30
KOSPI,방림,003610,29.687300582583486,36.64002804857204,33.67266987872836,5460,5678,5296,2
KOSPI,백산,035150,33.52766120624303,30.112878677851363,36.35946160602173,10290,10701,9981,3
KOSPI,벽산,007210,30.36151908114133,25.04062089497774,44.59786151399706,1447,1504,1403,17
KOSPI,보령,003850,32.430184422259686,31.239446564351418,36.33037050350501,8640,8985,8380,13
KOSPI,보락,002760,32.41741732909011,35.43945381949403,32.143131831648105,994,1033,964,21
KOSPI,보해양조,000890,26.300690341141962,37.40760168639146,36.29171169775688,1304,1356,1264,4
KOSPI,부광약품,003000,30.685069667256155,35.78093718316625,33.53399463969372,4110,4274,3986,47
KOSPI,부국증권,001270,30.692611303655426,35.60525093547562,33.70213925098508,50000,52000,48500,8
KOSPI,부국철강,026940,29.433508557943156,33.99812284163439,36.568368600422446,2045,2126,1983,6
KOSPI,부국증권우,001275,22.591966852405303,33.79390876175454,43.614127366072395,30150,31356,29245,23
KOSPI,부산산업,011390,33.2094386066538,38.048889989974235,28.74166991325585,47000,48880,45590,12
KOSPI,블루산업개발,006740,31.56383501894616,40.770892678390496,27.665273047721406,4250,4420,4122,133
KOSPI,비비안,002070,39.1225405135921,34.6969563093187,26.18050243203114,3880,4035,3763,26
KOSPI,비상교육,100220,29.90057469792802,35.516698225821756,34.58272558613411,4940,5137,4791,11
KOSPI,비에이치,090460,31.74703092017488,39.60239956696425,28.65056727768669,22100,22984,21437,11
KOSPI,빙그레,005180,40.31000913545958,37.12232381491013,22.567669284804474,87200,90688,84584,8
KOSPI,사조대림,003960,27.730081754169344,35.75460227129374,36.515314484420784,27150,28236,26335,4
KOSPI,사조동아원,008040,31.608578392819265,41.27316074092013,27.11826310143478,7820,8132,7585,28
KOSPI,사조산업,007160,26.882505184028222,35.872654981186365,37.24483685455318,47750,49660,46317,7
KOSPI,사조씨푸드,014710,42.894199672635025,31.20769766848197,25.898103403941064,9980,10379,9680,2
KOSPI,산일전기,062040,33.41976451267622,35.17961989291106,31.400618574644962,223500,232440,216795,29
KOSPI,사조오양,006090,29.33467317055993,35.80964201650589,34.85568779316641,8840,9193,8574,9
KOSPI,삼립,005610,37.59502515621853,34.14629732233973,28.258677521441744,40650,42276,39430,20
KOSPI,삼성E&A,028050,29.741030996385586,32.36453395641813,37.89443355708016,47750,49660,46317,18
KOSPI,삼성SDI,006400,36.40464244084208,34.65679691074154,28.938562138532497,582000,605280,564540,80
KOSPI,삼성FN리츠,448730,24.35098526160109,35.705479462712155,39.943539746035114,5060,5262,4908,2
KOSPI,삼성SDI우,006405,34.01045886839616,36.379535848173305,29.610006773546655,227000,236080,220190,75
KOSPI,삼성공조,006660,31.96309404451279,40.77036127984532,27.266547655874128,13080,13603,12687,6
KOSPI,삼성물산,028260,24.279696310252255,29.412424558992043,46.30787987581376,324000,336960,314280,22
KOSPI,삼성물산우B,02826K,24.790373157459513,30.344159935124125,44.86546839753248,213500,222040,207095,12
KOSPI,삼성바이오로직스,207940,31.349591078701742,39.69844040849897,28.951968512799297,1232000,1281280,1195040,49
KOSPI,삼성생명,032830,27.888868431144033,36.572482992662955,35.538645595960766,274000,284960,265780,12
KOSPI,삼성에피스홀딩스,0126Z0,26.748724093115793,32.5782512939462,40.67302535799606,347500,361400,337075,37
KOSPI,삼성에스디에스,018260,27.514107896370245,27.224096942034215,45.26179367147942,201250,209300,195212,45
KOSPI,삼성전기우,009155,28.500361881906684,29.72521577402734,41.774421599007916,520000,540800,504400,7
KOSPI,삼성전기,009150,32.12719844524118,28.95068564990898,38.922116649907906,1580000,1643200,1532600,23
KOSPI,삼성전자,005930,24.485812179365656,28.429637726282547,47.084546369061506,266500,277160,258505,22
KOSPI,삼성전자우,005935,26.862207390742842,26.300924146198906,46.83687293340662,196400,204256,190508,16
KOSPI,삼성제약,001360,36.96341837595519,37.68185738272124,25.354725731439686,1395,1450,1353,27
KOSPI,삼성중공업,010140,28.903917454298888,35.70257063611352,35.393511909587595,19080,19843,18507,29
KOSPI,삼성증권,016360,24.810802301202262,28.289009955970435,46.900189232943426,86100,89544,83517,34
KOSPI,삼성출판사,068290,28.7287198684864,35.94837761567044,35.322899535610915,6250,6500,6062,4
KOSPI,삼성카드,029780,33.79965826892758,33.70605949116727,32.49428373002128,41400,43056,40158,13
KOSPI,삼성화재,000810,28.737796023191915,28.02102623177,43.241179235154206,613000,637520,594610,15
KOSPI,삼아알미늄,006110,40.48111044390761,35.399362477665306,24.11952707842708,73300,76232,71101,110
KOSPI,삼성화재우,000815,28.772606371252675,35.46088341301136,35.76650872561985,388500,404040,376845,16
KOSPI,삼양바이오팜,0120G0,37.71656812188352,37.7525395724712,24.53089156058722,49100,51064,47627,33
KOSPI,삼양사,145990,28.245406511880944,32.26461310082134,39.48998187741384,45850,47684,44474,0
KOSPI,삼양패키징,272550,32.88444092627055,36.57636221863441,30.539195364978927,9830,10223,9535,24
KOSPI,삼양식품,003230,35.757716793383466,40.122564497189494,24.11972168965928,1172000,1218880,1136840,18
KOSPI,삼양사우,145995,32.501164153297324,30.06160331529424,37.437232531408426,32150,33436,31185,0
KOSPI,삼양홀딩스,000070,33.13495026741901,28.19105484210656,38.67399638059055,56200,58448,54514,12
KOSPI,삼영,003720,38.93569121510442,35.622072493302745,25.442234801476722,6520,6780,6324,25
KOSPI,삼영무역,002810,37.375421117353646,38.61221608922074,24.012365028599795,21500,22360,20855,9
KOSPI,삼원강재,023000,31.220156478464535,35.529565267887705,33.25028123388001,2200,2288,2134,235
KOSPI,삼영전자,005680,25.64843396411256,33.86143071805788,40.490132337597316,12580,13083,12202,42
KOSPI,삼익THK,004380,29.695467303413835,32.22131832188534,38.08321586481695,7690,7997,7459,12
KOSPI,삼익악기,002450,25.03573806401529,33.937806077999575,41.02645809315931,1080,1123,1047,8
KOSPI,삼일제약,000520,46.66578487231054,31.943496052997983,21.390717584575363,8490,8829,8235,7
KOSPI,삼진제약,005500,28.125689981915176,41.21246707844213,30.661844429758823,19850,20644,19254,48
KOSPI,삼일씨엔에스,004440,31.687666524965497,34.721697000039256,33.590637965111355,5440,5657,5276,3
KOSPI,삼정펄프,009770,29.894501374749716,38.26483489244426,31.840663732806007,27500,28600,26675,23
KOSPI,삼천리,004690,34.748579807257165,36.5321013278358,28.719322590197333,127900,133016,124063,10
KOSPI,삼호개발,010960,19.56130873825031,24.566090416333275,55.87260084541641,3080,3203,2987,5
KOSPI,삼화왕관,004450,28.628906883382044,37.50199057996531,33.86910104653653,27850,28964,27014,10
KOSPI,삼화전기,009470,34.15932648606956,35.57295083104152,30.26772417300504,27000,28080,26190,22
KOSPI,삼화전자,011230,23.989903027158604,24.372231558133965,51.63786690482355,2565,2667,2488,9
KOSPI,삼화콘덴서,001820,34.40663208487553,35.56024447253893,30.03312195246941,159200,165568,154424,10
KOSPI,새론오토모티브,075180,36.1889829870811,31.32595929284002,32.485059210195004,2890,3005,2803,9
KOSPI,상상인증권,001290,32.08548460291283,38.68480709336987,29.22970904877536,4155,4321,4030,11
KOSPI,상신브레이크,041650,27.002120011245196,34.45847628597646,38.539402212662225,2160,2246,2095,38
KOSPI,샘표,007540,26.681293055709027,40.47249857959196,32.846209854815136,46800,48672,45396,1
KOSPI,샘표식품,248170,30.66665293223714,35.92485826623668,33.408491781758414,21850,22724,21194,0
KOSPI,서연,007860,26.18835916944174,36.006537510266625,37.80510332029164,7490,7789,7265,15
KOSPI,서연이화,200880,35.69601923721974,34.47894973429044,29.825031028489825,11040,11481,10708,33
KOSPI,서울가스,017390,39.145058265058346,32.357102440948914,28.497843764341102,54000,56160,52380,20
KOSPI,서울보증보험,031210,30.222410575034292,35.62104406527974,34.15654684980208,42350,44044,41079,14
KOSPI,서울식품,004410,35.77349690327163,38.34619637124946,25.880308215595026,1238,1287,1200,24
KOSDAQ,3S,060310,43.293546531256716,32.163273527999245,24.543179940744047,1197,1244,1161,16
KOSPI,서울식품우,004415,29.210510194449803,38.98468048469319,31.804810065915067,4060,4222,3938,20
KOSDAQ,APS,054620,33.74910262935556,35.63564443165455,30.61525442910601,4020,4180,3899,9
KOSDAQ,APS이노베이션,079810,30.792979456074065,35.85221467214425,33.35481034213004,3745,3894,3632,25
KOSDAQ,AP시스템,265520,27.653789608037243,32.487389538956904,39.85882085300585,20600,21424,19982,33
KOSDAQ,AP위성,211270,24.25100731582081,38.64414508917685,37.10484759500233,8270,8600,8021,47
KOSDAQ,CG인바이츠,083790,36.22697076917415,40.463567254565035,23.309463466376922,902,938,874,14
KOSDAQ,BGF에코머티리얼즈,126600,36.668865811186755,41.67335555891598,21.65778012001339,3650,3796,3540,294
KOSDAQ,CJ 바이오사이언스,311690,33.12304057247888,37.90109417542309,28.975863761981913,3925,4082,3807,103
KOSDAQ,CJ프레시웨이,051500,29.673612500012847,37.367512489633384,32.95887724552794,21500,22360,20855,18
KOSDAQ,CNT85,056730,35.36454583379556,39.27546545546042,25.35999020086014,1296,1347,1257,20
KOSDAQ,CS,065770,35.56980765838653,46.45857602552772,17.971619296317982,1145,1190,1110,287
KOSDAQ,CSA 코스믹,083660,26.85131799646704,42.568644915815256,30.580035597601587,1434,1491,1390,4
KOSDAQ,DB금융스팩12호,477760,25.723082302362677,35.38291971104039,38.893997986596936,2070,2152,2007,4
KOSDAQ,DH오토리드,290120,25.165797122274718,35.51044488177186,39.323757995953414,2165,2251,2100,0
KOSDAQ,DH오토웨어,025440,26.953087827166332,35.80105676067401,37.24585541215967,3195,3322,3099,14
KOSDAQ,DMS,068790,42.20183560116209,33.98957867306996,23.80858647082601,8230,8559,7983,28
KOSDAQ,DSC인베스트먼트,241520,30.073401384756142,32.87938296292078,37.0472171424392,8170,8496,7924,22
KOSDAQ,E8,418620,35.58967741982354,42.776372226106226,21.633946628779942,517,537,501,30
KOSDAQ,DXVX,180400,29.177823905855433,37.10887472310807,33.713301371036486,2295,2386,2226,11
KOSDAQ,EG,037370,31.535342107783578,40.44845659211154,28.016202045162945,4285,4456,4156,10
KOSDAQ,ES큐브,050120,24.530266088778223,29.782590584861307,45.68713960107017,3350,3484,3249,9
KOSDAQ,GH신소재,130500,29.79119213090885,36.253672890189286,33.95513646901799,1952,2030,1893,20
KOSDAQ,GC메디아이,032620,34.165242592708736,31.5237465878491,34.31100634909381,3210,3338,3113,11
KOSDAQ,FSN,214270,31.44488814286398,37.11414280754216,31.440967559477734,1360,1414,1319,10
KOSDAQ,GMI벤처,019570,36.34231616539865,40.13716591029296,23.52052015948256,2920,3036,2832,7
KOSDAQ,GRT,900290,34.74777738660483,36.055437048406766,29.196785564988403,3365,3499,3264,11
KOSDAQ,GST,083450,29.921820393302344,32.156922472619144,37.921260114310755,58000,60320,56260,50
KOSDAQ,HB인베스트먼트,440290,31.339742802495017,36.651898689472105,32.0083562728587,1693,1760,1642,34
KOSDAQ,HB솔루션,297890,27.7442419716907,31.11525576879592,41.140503749629495,1635,1700,1585,9
KOSDAQ,HB테크놀러지,078150,34.25264857877279,36.85509940436154,28.89225648721403,2425,2522,2352,43
KOSDAQ,HC보광산업,225530,26.11118706130514,35.65767191130057,38.23114102739429,2140,2225,2075,45
KOSDAQ,HEM파마,376270,29.501701761378452,36.98107932440625,33.51722189444754,31900,33176,30943,48
KOSDAQ,HC홈센타,060560,30.579845080251356,41.34855118866789,28.071602240964626,1897,1972,1840,17
KOSDAQ,HLB,028300,36.862984342636516,38.96898214053729,24.16803277176813,45700,47528,44329,16
KOSDAQ,HLB바이오스텝,278650,45.31239586426278,38.42991240381598,16.257695457211547,5880,6115,5703,408
KOSDAQ,HLB생명과학,067630,33.82904536257823,39.3923822058618,26.778571686501905,4300,4472,4171,9
KOSDAQ,HLB이노베이션,024850,32.645779181922826,39.93327664286672,27.420942685094335,18270,19000,17721,31
KOSDAQ,HLB제넥스,187420,33.4229559174545,39.90822386942598,26.668820213119517,2230,2319,2163,37
KOSDAQ,HLB제약,047920,42.453151430392275,39.52498709683812,18.021861472769608,13100,13624,12707,106
KOSDAQ,HLB테라퓨틱스,115450,37.884674416657795,41.19067815009719,20.924647433245017,2990,3109,2900,152
KOSDAQ,HLB펩,196300,33.37590752209906,42.64962665410632,23.97446358862044,5160,5366,5005,24
KOSDAQ,HLB파나진,046210,35.334076484389385,38.863482057101415,25.80244592885756,1428,1485,1385,144
KOSDAQ,HT로보틱스,396300,45.33204858119725,32.25357888024336,22.41437328361745,6160,6406,5975,97
KOSDAQ,HRS,036640,37.02563267967315,35.87652857095196,27.097835769142662,5060,5262,4908,36
KOSDAQ,ISC,095340,29.37521446644823,34.42936058930416,36.195421964015374,203500,211640,197395,23
KOSDAQ,JTC,950170,30.073930404895204,40.20001694820608,29.726052646898715,4305,4477,4175,111
KOSDAQ,JW신약,067290,39.297608868043724,36.76855420793462,23.933840649311957,2765,2875,2682,5
KOSDAQ,KBG,318000,29.893568114613185,30.67955428985919,39.42687387023733,2765,2875,2682,7
KOSDAQ,KB오토시스,024120,23.890117710424075,37.68800357937108,38.42187871020485,3040,3161,2948,9
KOSDAQ,KBI메탈,024840,29.93431552095558,33.93922449668948,36.126458492238825,5980,6219,5800,10
KOSDAQ,KB제30호스팩,486630,38.46087546592975,36.427831431804016,25.111292357208182,2060,2142,1998,0
KOSDAQ,KB제29호스팩,478390,32.69707761225003,41.35549872168826,25.94742590123591,2070,2152,2007,39
KOSDAQ,KB제31호스팩,492220,32.468369156631134,39.31837221941658,28.213260114068394,2035,2116,1973,0
KOSDAQ,KB제32호스팩,0037T0,34.421901741650345,38.66793166772571,26.91016808074008,1986,2065,1926,169
KOSDAQ,KB제33호스팩,0072Z0,26.59981035072167,45.769143344964505,27.631046304313813,1980,2059,1920,22
KOSDAQ,KCC건설,021320,31.932116151896977,38.24250730969094,29.825378028528192,5580,5803,5412,6
KOSDAQ,KG에코솔루션,151860,26.922724291813804,33.004980681458065,40.072293536612015,5380,5595,5218,5
KOSDAQ,KG이니시스,035600,30.778560208999785,38.25491542930853,30.96652287157557,9690,10077,9399,14
KOSDAQ,KG파이낸셜,046440,29.365512499500568,39.146920022179806,31.48756598820351,4010,4170,3889,16
KOSDAQ,KNN,058400,37.664902357672275,36.07371742680059,26.261383940817435,5890,6125,5713,4
KOSDAQ,KH바텍,060720,37.87856652998553,29.932813024554537,32.188619700401865,11480,11939,11135,10
KOSDAQ,KS인더스트리,101000,29.618488033219098,53.91661760364423,16.4648921279625,1494,1553,1449,4
KOSDAQ,KT나스미디어,089600,43.62966962798404,32.74160311035423,23.628728379248813,12440,12937,12066,0
KOSDAQ,KT밀리의서재,418470,29.01757429099867,36.02836691866443,34.95406177056913,9310,9682,9030,7
KOSDAQ,KX,122450,33.14803693904986,38.01185025624358,28.840116529996862,2470,2568,2395,17
KOSDAQ,KX하이텍,052900,30.824968611470776,32.177648605568166,36.99738427307718,1255,1305,1217,21
KOSDAQ,KZ정밀,036560,29.555881864656175,31.085715540470165,39.358404084989786,11740,12209,11387,45
KOSDAQ,LB세미콘,061970,39.92593358333224,33.60595147786422,26.468113448687436,4730,4919,4588,32
KOSDAQ,LB인베스트먼트,309960,29.638401114351744,28.60579947713816,41.75579866345204,4275,4446,4146,13
KOSDAQ,LK삼양,225190,32.11484785445845,48.17688227520589,19.708272850567894,4430,4607,4297,14
KOSDAQ,LIG아큐버,073490,32.3197020218483,38.53678142095501,29.14351506708057,33650,34996,32640,23
KOSDAQ,LSK아이로봇,091970,30.72294473655753,35.29002979004865,33.987026218451874,3585,3728,3477,129
KOSDAQ,LS마린솔루션,060370,26.25802693571384,31.028847081092646,42.713125983193514,32550,33852,31573,22
KOSDAQ,LS머트리얼즈,417200,35.41098360272764,36.392141638242016,28.196876249146456,15520,16140,15054,30
KOSDAQ,LS티라유텍,322180,34.617865437261294,34.75637189513612,30.62576415771871,4525,4706,4389,30
KOSDAQ,LS증권,078020,28.482613232431632,27.374307581490037,44.143079186078324,6380,6635,6188,13
KOSDAQ,M83,476080,31.887010933618264,40.316948312333295,27.796036283700076,4125,4290,4001,54
KOSDAQ,MDS테크,086960,33.795743719649,36.41860989647359,29.785644893761287,2355,2449,2284,7
KOSDAQ,NEW,160550,21.338027152742296,30.213409402999204,48.44856344425851,1000,1040,970,15
KOSDAQ,MSDI,123010,40.10118393429145,37.84068839728809,22.05812580577531,4760,4950,4617,55
KOSDAQ,NE능률,053290,31.90479286148954,38.44239522397094,29.652811169481463,1537,1598,1490,38
KOSDAQ,NHN KCP,060250,32.716376646276764,40.58693799565302,26.696686103128275,13320,13852,12920,13
KOSDAQ,NHN벅스,104200,36.514003350317395,38.63898467352628,24.847014211330517,2630,2735,2551,31
KOSDAQ,NH농우바이오,054050,30.028606848113327,31.156432827945007,38.81495883382555,7070,7352,6857,13
KOSDAQ,NICE인프라,063570,27.360893037678245,34.358140292814525,38.28096666950723,3305,3437,3205,1
KOSDAQ,PN풍년,024940,34.34510588149821,41.729064910846134,23.92583218788789,2075,2158,2012,10
KOSDAQ,PS일렉트로닉스,332570,33.94933971300658,40.60730226083238,25.443358771219103,8710,9058,8448,14
KOSDAQ,RFHIC,218410,33.243562131737434,36.44249792635294,30.313939941909616,58300,60632,56551,14
KOSDAQ,RF시스템즈,474610,37.00913570614321,35.35216076314017,27.6387020406005,8220,8548,7973,17
KOSDAQ,RF머트리얼즈,327260,38.61330876721378,37.30920556055487,24.077487162347463,52600,54704,51022,15
KOSDAQ,SAMG엔터,419530,33.70041677347602,41.23741292449596,25.062171792144138,21750,22620,21097,70
KOSDAQ,S&K폴리텍,091340,33.7933930041616,34.889795396856314,31.316813089098204,2720,2828,2638,24
KOSDAQ,SBI인베스트먼트,019550,34.08417433121451,29.286536463058393,36.6292892057271,910,946,882,15
KOSDAQ,SCL사이언스,246960,35.54274839371301,37.820486486737046,26.636763629433812,2775,2886,2691,27
KOSDAQ,SDN,099220,28.297316909761943,34.368648365004276,37.33403249005961,5360,5574,5199,17
KOSDAQ,SFA반도체,036540,48.08894427040564,32.58625671541678,19.324801994409817,11720,12188,11368,23
KOSDAQ,SG,255220,31.549930201065163,38.03664496949688,30.413427809670203,1042,1083,1010,49
KOSDAQ,SG&G,040610,29.725680066755732,36.586841539797874,33.687481373678644,3200,3328,3104,3
KOSDAQ,SGA솔루션즈,184230,35.77871172204347,42.80244807127204,21.418840951742563,2175,2262,2109,12
KOSDAQ,SKAI,357880,28.916666897708467,35.64546823962583,35.437864862665705,1736,1805,1683,18
KOSDAQ,SM Life Design,063440,44.40010588704808,32.79985631493456,22.80003481778512,1097,1140,1064,8
KOSDAQ,SM C&C,048550,31.90702879396709,38.48197321210679,29.61100171921641,991,1030,961,18
KOSDAQ,SGC E&C,016250,28.00493278909816,34.52280139197937,37.47226581892248,11880,12355,11523,22
KOSDAQ,SV인베스트먼트,289080,39.06491479717198,40.3235522368549,20.611532965973122,2730,2839,2648,7
KOSDAQ,SY동아,041930,26.193834622290424,33.51267429676451,40.293492571061186,4940,5137,4791,1
KOSDAQ,THE E&M,089230,37.98518899435917,36.18818712247192,25.82662611834309,2145,2230,2080,75
KOSDAQ,TJ미디어,032540,37.443212190369096,40.56229047302398,21.994498826723046,3820,3972,3705,18
KOSDAQ,TPC로보틱스,048770,35.44158937349212,41.53897557559562,23.019437286086436,3985,4144,3865,3
KOSDAQ,TS인베스트먼트,246690,32.915238730291016,30.232261662999093,36.852498116593765,2090,2173,2027,8
KOSDAQ,TS트릴리온,317240,34.02846213394544,37.79789732454214,28.17364352174465,994,1033,964,7
KOSDAQ,YBM넷,057030,28.533976155007313,36.528983546771734,34.93704178833707,2105,2189,2041,9
KOSDAQ,YW,051390,32.939665649304764,37.13237316334721,29.92795820711579,4020,4180,3899,0
KOSDAQ,YTN,040300,29.179398088050924,41.784461466083634,29.036141935981558,2255,2345,2187,3
KOSDAQ,iMBC,052220,25.017743144101267,37.10785123132347,37.87440934986556,1648,1713,1598,0
KOSDAQ,가온칩스,399720,26.610002575519392,37.292377301744814,36.097623102968036,48100,50024,46657,67
KOSDAQ,가비아,079940,34.63986219167927,38.72097673726312,26.639161816115664,38700,40248,37539,6
KOSDAQ,가온그룹,078890,30.359121456250875,39.98120592458963,29.659669638927255,4540,4721,4403,15
KOSDAQ,감성코퍼레이션,036620,34.162663877633975,37.34532585136945,28.49201027099657,3780,3931,3666,23
KOSDAQ,강스템바이오텍,217730,28.920858859788645,36.02543606808559,35.053709542474124,2140,2225,2075,37
KOSDAQ,강동씨앤엘,198440,39.200516817721564,33.29541400949692,27.50407140795569,1387,1442,1345,12
KOSDAQ,경남스틸,039240,30.096787964335835,39.08040323593145,30.822810289848835,1948,2025,1889,7
KOSDAQ,강원에너지,114190,29.520941555297707,34.82115983420029,35.657900100618114,9190,9557,8914,30
KOSDAQ,갤럭시아머니트리,094480,37.80203410934243,35.15361800871902,27.044344901706307,5580,5803,5412,27
KOSDAQ,경남제약,053950,29.88866175108421,45.24789177680834,24.863446472107448,2065,2147,2003,2
KOSDAQ,경동제약,011040,34.43807198886869,28.230680467117352,37.33124307366559,5060,5262,4908,10
KOSDAQ,경창산업,024910,33.89929166937413,34.18555013233894,31.91515968840305,1496,1555,1451,9
KOSDAQ,고려신용정보,049720,27.055162054363358,36.02628398252157,36.918550982882834,9120,9484,8846,17
KOSDAQ,고스트스튜디오,950190,32.39617412186629,39.564910672388116,28.038918931035894,9710,10098,9418,2
KOSDAQ,고바이오랩,348150,28.37145311290631,31.66052465182999,39.96802372537982,2915,3031,2827,34
KOSDAQ,고려제약,014570,38.06805460968901,30.17474220016789,31.75720617037534,3190,3317,3094,25
KOSDAQ,골프존,215000,32.38284489341785,33.924708148148696,33.692445468317345,35800,37232,34726,8
KOSDAQ,고영,098460,36.00963689735161,33.00758520835488,30.982776404177383,38500,40040,37345,81
KOSDAQ,골프존홀딩스,121440,34.342895260325065,42.71760932230888,22.93949541736605,7670,7976,7439,3
KOSDAQ,광무,029480,28.927504042996187,35.91996237045121,35.15253805690097,1350,1404,1309,11
KOSDAQ,광진실업,026910,39.52564654449443,35.506067380926154,24.96829128998583,2400,2496,2328,7
KOSDAQ,교보17호스팩,489210,28.20956378103877,43.036422377713336,28.754009370899535,2055,2137,1993,33
KOSDAQ,교보18호스팩,0041B0,29.872726417606565,38.612811620728216,31.51446345178134,2015,2095,1954,0
KOSDAQ,교보19호스팩,0098T0,34.96105096508574,40.12834016861384,24.910607376184295,2010,2090,1949,0
KOSDAQ,교보20호스팩,0132G0,34.61445477108775,42.692908306872724,22.69263990227177,1997,2076,1937,221
KOSDAQ,구영테크,053270,30.179435570363154,35.13658753174129,34.683976897895555,1926,2003,1868,101
KOSDAQ,국순당,043650,26.280418081874735,33.757633583932524,39.961949824308874,3490,3629,3385,0
KOSDAQ,국보디자인,066620,27.64670879768178,34.59290721372439,37.76038696882607,25300,26312,24541,107
KOSDAQ,국영지앤엠,006050,28.3625897855707,37.64910935512928,33.98829787906778,3150,3276,3055,149
KOSDAQ,국일신동,060480,33.66883064077325,41.81032847534492,24.52084162893989,1215,1263,1178,122
KOSDAQ,국전,307750,35.88107039786674,37.70930270457814,26.409625407438998,2615,2719,2536,101
KOSDAQ,그래피,318060,27.247775891754202,37.239180760963784,35.513044837398134,15410,16026,14947,70
KOSDAQ,그리드위즈,453450,27.086001082381905,36.500451460367266,36.41354671219277,13090,13613,12697,11
KOSDAQ,그래디언트,035080,35.362556375922615,35.25228840426895,29.385157454982625,11780,12251,11426,39
KOSDAQ,그리티,204020,29.27328960929161,36.962930753813055,33.76377963689534,1813,1885,1758,2
KOSDAQ,그린광학,0015G0,31.59694370651267,37.01835311658327,31.38470466702018,15120,15724,14666,21
KOSDAQ,그린리소스,402490,36.058376899820935,38.846920421319,25.09470416897619,7780,8091,7546,14
KOSDAQ,그린생명과학,114450,39.261128426641825,30.06971740869606,30.669155654778248,2395,2490,2323,88
KOSDAQ,그린플러스,186230,32.070577747376944,39.993712347625674,27.935712885229623,3195,3322,3099,2
KOSDAQ,글로벌에스엠,900070,35.00392733298806,42.92454332721633,22.071531574969793,1113,1157,1079,5
KOSDAQ,글로벌텍스프리,204620,38.04679960277432,35.178296719010184,26.7749074035058,5840,6073,5664,15
KOSDAQ,금양그린파워,282720,32.84387149463293,36.872972425247916,30.283157570235282,7700,8008,7469,14
KOSDAQ,금강철강,053260,31.703053325729723,42.14854414526111,26.14839880371887,6800,7072,6596,1
KOSDAQ,글로본,019660,22.204092684871114,32.999951844709926,44.79595249018672,1403,1459,1360,50
KOSDAQ,금화피에스시,036190,25.04426210634103,23.156247935354475,51.7994899583045,33350,34684,32349,22
KOSDAQ,기가레인,049080,37.18020733734904,39.74528059561245,23.07451206703851,9210,9578,8933,5
KOSDAQ,기가비스,420770,31.20148475006249,37.68201088227826,31.116503622601176,135800,141232,131726,11
KOSDAQ,기산텔레콤,035460,31.144590416542783,35.6847468963122,33.170662687145025,2575,2678,2497,15
KOSDAQ,꿈비,407400,34.663970828207766,34.54734657548752,30.788684086420826,2090,2173,2027,41
KOSDAQ,나노,187790,31.95597034194837,37.66322544534732,30.380805702820428,3110,3234,3016,7
KOSDAQ,나노씨엠에스,247660,30.274705045762275,46.95055706247954,22.7747378917582,3560,3702,3453,116
KOSDAQ,나노실리칸첨단소재,286750,33.20028720940075,34.889057727975654,31.910653572507474,2575,2678,2497,7
KOSDAQ,나노엔텍,039860,47.94394569926796,32.81836378132567,19.237688284232192,4550,4732,4413,19
KOSDAQ,나노신소재,121600,38.575633026350516,33.119573800387045,28.30479317326244,64400,66976,62468,30
KOSDAQ,나노팀,417010,40.965440010298636,34.350974514022944,24.683583985562297,6650,6916,6450,23
KOSDAQ,나라셀라,405920,29.36029174330862,43.14068432244903,27.499023934242352,1848,1921,1792,104
KOSDAQ,나라스페이스테크놀로지,478340,38.08383985608661,38.38237076191028,23.533789382003114,14950,15548,14501,3
KOSDAQ,나라엠앤디,051490,31.92394857910874,37.66313105539079,30.41292185561659,2685,2792,2604,14
KOSDAQ,나래나노텍,137080,25.794977759744615,37.19006573364935,37.01495501648993,6910,7186,6702,796
KOSDAQ,나무AX,242040,26.72816197571154,35.72174643477724,37.55009084445317,3105,3229,3011,14
KOSDAQ,나우IB,293580,27.774135006370177,30.25501341771337,41.9708471055681,1296,1347,1257,6
KOSDAQ,나이벡,138610,30.16247025388179,37.30908269096952,32.52844407491645,15950,16588,15471,23
KOSDAQ,나무가,190510,32.73399527488304,30.969429526350883,36.29657519876608,15520,16140,15054,10
KOSDAQ,나우로보틱스,459510,35.35252982447281,35.47957464935613,29.16789701628718,15510,16130,15044,6
KOSDAQ,나이스디앤비,130580,33.38191804509895,45.18768814332028,21.43039455663883,6890,7165,6683,17
KOSDAQ,나이스정보통신,036800,38.581328135479296,40.62195282683935,20.796719037681353,8130,8455,7886,11
KOSDAQ,나인앤컴퍼니,366030,37.94028763971106,35.506551942785194,26.55315892738763,4545,4726,4408,6
KOSDAQ,나인테크,267320,36.20651977094734,36.67954165973906,27.11393707919748,2905,3021,2817,108
KOSDAQ,남화산업,111710,27.887980110520427,39.11863696858525,32.99338292089433,3170,3296,3074,8
KOSDAQ,남화토건,091590,30.608077996355938,38.942681862952924,30.449239395633075,5600,5824,5432,7
KOSDAQ,내츄럴엔도텍,168330,35.03712020664828,36.980533222100696,27.98234806136715,2335,2428,2264,20
KOSDAQ,네오리진,094860,37.26766240078908,36.83952302942235,25.89281605990469,1574,1636,1526,12
KOSDAQ,네오셈,253590,36.03550023678991,34.081046954860774,29.883454298465438,16320,16972,15830,25
KOSDAQ,네오위즈,095660,31.5095338266272,36.90846340404455,31.582004259444368,17780,18491,17246,25
KOSDAQ,네오오토,212560,35.45810201439815,34.132136679399906,30.409761306201943,10450,10868,10136,4
KOSDAQ,네오위즈홀딩스,042420,38.29492659742141,30.17543388079978,31.52963654154658,20700,21528,20079,17
KOSDAQ,네오이뮨텍,950220,38.18045686673297,35.33221894363769,26.48732418962934,1895,1970,1838,14
KOSDAQ,네오크레마,311390,30.74325107612406,41.50079181740158,27.755955616358243,2490,2589,2415,10
KOSDAQ,네오티스,085910,34.67150812150269,35.774461456907126,29.554031911706304,20500,21320,19885,55
KOSDAQ,네오팜,092730,35.45696256913959,38.26359704248634,26.279441133432112,23600,24544,22892,14
KOSDAQ,네이블,153460,25.235651869764308,37.59812213248071,37.16622301752274,5420,5636,5257,7
KOSDAQ,네이처셀,007390,27.09267521505821,34.45586988910121,38.45145862113088,24500,25480,23765,28
KOSDAQ,네패스,033640,40.39734466889083,32.284913027254575,27.317742303854587,32800,34112,31816,27
KOSDAQ,넥사다이내믹스,351320,35.90936021411964,41.64308291272379,22.447558363272694,4290,4461,4161,18
KOSDAQ,네패스아크,330860,31.890837525972948,34.170986867961844,33.938175606065215,32600,33904,31622,37
KOSDAQ,넥스트바이오메디컬,389650,34.106880810223956,37.64106225105293,28.252053958490887,29000,30160,28130,79
KOSDAQ,넥스턴앤롤코리아,089140,33.2893657898103,34.04725741822985,32.663375301843736,2290,2381,2221,53
KOSDAQ,넥스트아이,137940,29.40967555635112,35.42151843410758,35.16880302930906,1913,1989,1855,63
KOSDAQ,넥스트칩,396270,30.98341505554844,40.996630477418464,28.019952976916972,2350,2444,2279,11
KOSDAQ,넥스틴,348210,34.779024864725606,34.841539013583876,30.379436121690517,39000,40560,37830,15
KOSDAQ,넥써쓰,205500,33.11357952546753,34.932888976436026,31.953532988212558,1778,1849,1724,10
KOSDAQ,넵튠,217270,31.21112169960101,39.58796338585212,29.2009141694888,2440,2537,2366,20
KOSDAQ,노머스,473980,26.455525593419082,33.79515147225222,39.74932367938675,10250,10660,9942,13
KOSDAQ,노랑풍선,104620,31.474439245165826,38.89370594464271,29.63185630030758,3110,3234,3016,4
KOSDAQ,노바렉스,194700,32.49115782307317,41.640464523604344,25.868378398380543,10620,11044,10301,16
KOSDAQ,넥슨게임즈,225570,39.850244490563504,35.734661857402564,24.41509365203394,10190,10597,9884,18
KOSDAQ,노바텍,285490,35.64192541857537,39.14691956512755,25.211152781122898,12580,13083,12202,19
KOSDAQ,노브랜드,145170,31.245647475066264,40.0430977357941,28.711254789139634,3315,3447,3215,7
KOSDAQ,노타,486990,33.83843293058303,36.77314590378423,29.38842265574885,19390,20165,18808,31
KOSDAQ,노을,376930,41.264022080731124,33.08770900497039,25.64826667912431,1485,1544,1440,5
KOSDAQ,녹십자엠에스,142280,38.76471996600846,37.748443563332835,23.486832745368407,3880,4035,3763,270
KOSDAQ,녹십자웰빙,234690,39.34032821978855,37.03768153071867,23.62198950443472,11120,11564,10786,33
KOSDAQ,뉴로핏,380550,32.618904576407125,35.61588741020505,31.765206523271704,7380,7675,7158,30
KOSDAQ,누리플랜,069140,28.72462769347177,36.297630715853444,34.97773861044253,1723,1791,1671,1
KOSDAQ,뉴로메카,348340,35.64630648109566,35.224854908758275,29.128838610146072,20800,21632,20176,23
KOSDAQ,누보,332290,33.78476805314807,38.60805787232605,27.607171839351697,4460,4638,4326,22
KOSDAQ,누리플렉스,040160,30.947345698623185,38.24295898401508,30.80969382724561,6160,6406,5975,15
KOSDAQ,뉴엔AI,463020,34.31381295637691,34.903999995082714,30.782189283714555,6550,6812,6353,8
KOSDAQ,뉴보텍,060260,50.258442595577655,31.54277295670871,18.198785937829758,955,993,926,526
KOSDAQ,뉴온,123840,31.377634539303667,42.45002980681328,26.17233639894111,1706,1774,1654,3
KOSDAQ,뉴인텍,012340,38.48210992967025,40.40542393071096,21.112464649502673,486,505,471,471
KOSDAQ,뉴키즈온,462310,30.5607479281869,36.38158474536745,33.057665091271474,3875,4030,3758,7
KOSDAQ,뉴트리,270870,28.60050280696276,37.971320825547316,33.428174877373806,3700,3848,3589,1
KOSDAQ,뉴파워프라즈마,144960,48.20360906963582,28.81157115467239,22.984818285575674,13910,14466,13492,41
KOSDAQ,다날,064260,38.98083570168783,33.97158979108107,27.047576742405276,4455,4633,4321,17
KOSDAQ,뉴프렉스,085670,40.23108459030847,33.16680139346555,26.602114016225986,3870,4024,3753,35
KOSDAQ,다보링크,340360,32.13614461716141,30.204422789214856,37.65943184856567,837,870,811,23
KOSDAQ,다산네트웍스,039560,38.8874840814511,36.29954405622481,24.812971117266034,2880,2995,2793,25
KOSDAQ,다산디엠씨,208860,44.738373088019735,39.01169265719218,16.249936862491293,8980,9339,8710,91
KOSDAQ,다산솔루에타,154040,37.30272627602449,42.68866359858588,20.008611242976706,10260,10670,9952,11
KOSDAQ,다우데이타,032190,31.77964701486755,26.91446060069087,41.3058938745577,18680,19427,18119,27
KOSDAQ,닷밀,464580,36.4834683495225,37.45631463024775,26.060217020229747,1628,1693,1579,1
KOSDAQ,다원넥스뷰,323350,42.38026029066751,37.03797072829729,20.581768981035207,11000,11440,10670,242
KOSDAQ,다이나믹솔루션,290660,35.36753590148408,37.07701946943581,27.555442393905928,1273,1323,1234,19
KOSDAQ,대동기어,008830,31.515975610981094,34.02591063729654,34.45811151654819,6200,6448,6014,25
KOSDAQ,대동금속,020400,27.551709859067586,35.22044378267313,37.22784412308512,2515,2615,2439,9
KOSDAQ,대동스틸,048470,31.769843150089844,32.97479298853735,35.255363861372814,2810,2922,2725,4
KOSDAQ,대륙제관,004780,34.16949571103508,36.69903953230129,29.131463266547502,4195,4362,4069,15
KOSDAQ,대명에너지,389260,30.962856062936993,35.98599497728716,33.05115044989196,13490,14029,13085,20
KOSDAQ,대모,317850,25.517663355658026,38.36848265396455,36.11385399037743,6000,6240,5820,7
KOSDAQ,대보마그네틱,290670,32.994778097534024,38.52814263935996,28.477079263106013,5600,5824,5432,15
KOSDAQ,대봉엘에스,078140,33.60412205584281,34.65568454777238,31.740194886500934,7750,8060,7517,19
KOSDAQ,대성미생물,036480,25.528847833591573,35.03199953368778,39.4391533777787,6090,6333,5907,70
KOSDAQ,대신밸런스제19호스팩,482690,29.404123050693308,40.40107960971646,30.194794359357985,2085,2168,2022,0
KOSDAQ,대성하이텍,129920,42.13047518268994,36.39427159033086,21.47525248192114,7040,7321,6828,19
KOSDAQ,대성창투,027830,33.85742323591137,36.19758257311522,29.944993445915358,737,766,714,5
KOSDAQ,대신정보통신,020180,25.691949807342716,40.51730185307297,33.79074461429401,3845,3998,3729,23
KOSDAQ,대아티아이,045390,32.16744300903115,42.332860337834475,25.499692927844066,2980,3099,2890,11
KOSDAQ,대양전기공업,108380,33.60075200626246,33.14480930565163,33.254438688085905,18010,18730,17469,18
KOSDAQ,대원,007680,26.876345536681796,24.949415219283356,48.17423998909292,2975,3094,2885,10
KOSDAQ,대원미디어,048910,42.75925800628841,31.41834871359692,25.822391789998544,7860,8174,7624,198
KOSDAQ,대원산업,005710,32.16452195952327,35.152331284373226,32.68314675610351,10400,10816,10088,6
KOSDAQ,대정화금,120240,29.562608303930883,38.98297269195664,31.454416768938298,14700,15288,14259,3
KOSDAQ,대주전자재료,078600,37.60778157768924,36.23267681836527,26.159540113829376,116400,121056,112908,99
KOSDAQ,대주산업,003310,30.22814558311512,37.529763662183555,32.24209373493356,1685,1752,1634,21
KOSDAQ,대창솔루션,096350,26.985831398496014,39.60065816567526,33.41351490617708,1868,1942,1811,8
KOSDAQ,대창스틸,140520,32.756506320349914,33.947185866433514,33.296306323100445,1995,2074,1935,10
KOSDAQ,대한과학,131220,39.11896671161599,35.34193333996475,25.539095478070912,3735,3884,3622,8
KOSDAQ,대한광통신,010170,33.40607553050151,39.031155026769596,27.562771677903076,17040,17721,16528,18
KOSDAQ,대한뉴팜,054670,26.85371177441988,28.881374542038184,44.26491144836775,5620,5844,5451,6
KOSDAQ,대한약품,023910,29.57588422944709,35.80012251483326,34.62398878537129,25800,26832,25026,20
KOSDAQ,대호특수강,021040,33.81869954759667,38.96387882357533,27.21742311894412,955,993,926,316
KOSDAQ,대호특수강우,021045,40.11529306955693,32.45435214562605,27.43035851010731,1999,2078,1939,0
KOSDAQ,더네이쳐홀딩스,298540,31.117317880038463,36.6989381336502,32.18374324125328,6520,6780,6324,9
KOSDAQ,대화제약,067080,41.01322168557528,37.15425316109016,21.832528133566797,12160,12646,11795,26
KOSDAQ,더라미,032860,29.5816852813931,44.72105954201765,25.697255176589263,3470,3608,3365,288
KOSDAQ,더블유씨피,393890,36.263383091003945,35.279267811164885,28.457347607715057,11410,11866,11067,176
KOSDAQ,더블유에스아이,299170,33.19550254673905,36.366140139963086,30.43835731329786,1494,1553,1449,11
KOSDAQ,더즌,462860,37.373202018683095,35.68309826663638,26.94369896962247,2795,2906,2711,3
KOSDAQ,더코디,224060,33.79249320629072,44.94143679223929,21.266070001469988,3965,4123,3846,80
KOSDAQ,덕산네오룩스,213420,29.772049241529253,30.604439832168385,39.623510926302366,29950,31148,29051,13
KOSDAQ,더핑크퐁컴퍼니,403850,38.412270346017074,34.1321997812882,27.455532852926968,12770,13280,12386,29
KOSDAQ,덕산테코피아,317330,39.472234975414494,37.33529922467601,23.19246430979338,13800,14352,13386,23
KOSDAQ,덕산하이메탈,077360,42.300310688450516,26.277790974552577,31.42189982711303,13810,14362,13395,17
KOSDAQ,덕양에너젠,0001A0,28.34448572117235,44.46186166390138,27.193654105042388,8560,8902,8303,6
KOSDAQ,덕신이피씨,090410,26.658844063735987,35.73724680762331,37.60391061875683,3360,3494,3259,4
KOSDAQ,덕우전자,263600,33.21923472015424,44.62122545460683,22.15953982523893,5120,5324,4966,38
KOSDAQ,데브시스터즈,194480,28.95736530383716,40.4739707112822,30.568662494764514,13800,14352,13386,42
KOSDAQ,데이원컴퍼니,373160,35.48103533111837,40.45741389791774,24.061552261080017,3345,3478,3244,2
KOSDAQ,데이타솔루션,263800,24.951471221394588,33.24689976957206,41.80162751891723,4575,4758,4437,20
KOSDAQ,덱스터,206560,30.41030770898062,41.578950498854475,28.01074328228102,924,960,896,17
KOSDAQ,덴티스,261200,30.352173760877644,40.69273095529566,28.955095283826694,2615,2719,2536,42
KOSDAQ,도우인시스,484120,42.55595531658244,33.957746114779674,23.486296333463706,23900,24856,23183,30
KOSDAQ,동구바이오제약,006620,32.26663248791066,31.834828347908516,35.89853916418082,3560,3702,3453,22
KOSDAQ,도이치모터스,067990,35.36253011793896,34.894996074179666,29.74247380788137,4000,4160,3880,26
KOSDAQ,동국S&C,100130,37.918542637662824,38.31620966559211,23.765243226396713,1642,1707,1592,20
KOSDAQ,동국생명과학,303810,28.815950088620763,43.53272318623601,27.6513252350271,2750,2860,2667,5
KOSDAQ,동국산업,005160,34.239681893563386,46.975101453318565,18.78521516300193,4250,4420,4122,129
KOSDAQ,동국알앤에스,075970,31.842762316210184,37.96124492735568,30.195991266318018,1672,1738,1621,31
KOSDAQ,동방메디컬,240550,37.544864568929555,36.73546843991928,25.71966699115117,6290,6541,6101,5
KOSDAQ,동방선기,099410,28.29073802022687,31.012738179849197,40.696526780156184,2920,3036,2832,12
KOSDAQ,동성화인텍,033500,28.899456062275885,37.102222574869025,33.998324343087326,15180,15787,14724,33
KOSDAQ,동신건설,025950,22.474696302856817,39.126793671319604,38.39850853570746,9880,10275,9583,55
KOSDAQ,동아엘텍,088130,28.608954170377586,35.29289256889507,36.098154750843456,5750,5980,5577,41
KOSDAQ,동양이엔피,079960,23.725991763646952,31.82455589548252,44.44945234087053,16480,17139,15985,37
KOSDAQ,동양에스텍,060380,28.584929786096,32.3445194490863,39.07055225493381,1270,1320,1231,13
KOSDAQ,동양파일,228340,34.661935439839965,36.32549865162777,29.012568888764505,3145,3270,3050,2
KOSDAQ,동우팜투테이블,088910,25.066292985451668,21.097062733056898,53.8366487518398,1943,2020,1884,40
KOSDAQ,동운아나텍,094170,32.968876637021225,38.705513128770534,28.32561023420825,25400,26416,24638,25
KOSDAQ,동원개발,013120,24.161225551560808,33.54624790418025,42.29252654425894,2080,2163,2017,16
KOSDAQ,동일스틸럭스,023790,33.06536501955829,39.98911989904571,26.94551433633794,1507,1567,1461,16
KOSDAQ,동일금속,109860,27.85612953675264,40.36797261128237,31.775900832197244,7580,7883,7352,1
KOSDAQ,동일기연,032960,29.183788858204977,49.645412299433694,21.170800332477448,2660,2766,2580,54
KOSDAQ,동진쎄미켐,005290,28.627147418444814,30.860232442678786,40.51262162899253,51400,53456,49858,22
KOSDAQ,동화기업,025900,33.91545359764122,40.19095429958378,25.89358912254276,7380,7675,7158,45
KOSDAQ,듀켐바이오,176750,36.21353716226117,43.800045654526855,19.986417928270033,7520,7820,7294,20
KOSDAQ,드림씨아이에스,223250,35.42662278325204,36.967027967346624,27.60635222963358,3845,3998,3729,34
KOSDAQ,드림시큐리티,203650,38.39481440107097,38.120628635727314,23.484554728027543,2820,2932,2735,8
KOSDAQ,드림어스컴퍼니,060570,32.855108105399346,43.51421828623779,23.630669883072567,4950,5148,4801,0
KOSDAQ,드림인사이트,362990,28.6770694492124,38.14797706252108,33.17495497838263,1215,1263,1178,12
KOSDAQ,디비금융제13호스팩,489730,30.012430822530256,41.40225737489512,28.58531105751656,2050,2132,1988,1
KOSDAQ,디모아,016670,30.243445390966116,38.98516846078105,30.771387638368964,2565,2667,2488,5
KOSDAQ,디바이스,187870,39.62587032134004,35.57014425553903,24.803985423120924,14890,15485,14443,173
KOSDAQ,디아이티,110990,25.92523586819787,30.387812482281923,43.68695462975245,19090,19853,18517,17
KOSDAQ,디알텍,214680,31.210238053245433,36.558572097738505,32.2311853786677,3790,3941,3676,6
KOSDAQ,디알젬,263690,29.568175236203174,30.37077192786315,40.06105283593367,5300,5512,5141,16
KOSDAQ,디앤디파마텍,347850,37.380184248727076,36.02628184542376,26.593536141023343,44050,45812,42728,45
KOSDAQ,디어유,376300,34.07527365979704,30.233853816725343,35.690874758651795,18960,19718,18391,35
KOSDAQ,디앤씨미디어,263720,27.279786355233842,39.344974223430405,33.37523793121964,6900,7176,6693,11
KOSDAQ,디에스엠,104040,40.375122047123725,37.484037088013956,22.140844590152614,3050,3172,2958,40
KOSDAQ,디에스케이,109740,27.525949297757712,42.68300762319542,29.791040098814626,3960,4118,3841,7
KOSDAQ,디에이피,066900,36.43705004575124,34.724939573682995,28.838010380565766,1747,1816,1694,28
KOSDAQ,디엔에프,092070,25.991836601318507,35.08697940325248,38.92118697566125,15150,15756,14695,65
KOSDAQ,디오,039840,33.37149143303171,35.950936373486186,30.67756921324987,9600,9984,9312,14
KOSDAQ,디와이디,219550,48.53436319779267,31.411709236465445,20.053930545974115,1190,1237,1154,32
KOSDAQ,디와이씨,310870,29.842907355288983,38.871141523262246,31.285950376390716,1536,1597,1489,9
KOSDAQ,디와이피엔에프,104460,19.174134528927617,23.589190340899336,57.236674385114995,6730,6999,6528,16
KOSDAQ,디젠스,113810,41.84482329901438,31.97416958120408,26.18100637472348,3120,3244,3026,8
KOSDAQ,디지아이,043360,32.768555255386126,37.29046134516496,29.94098414450697,2265,2355,2197,1
KOSDAQ,디지캡,197140,36.0518981158038,39.4280007030988,24.52010267121352,2345,2438,2274,21
KOSDAQ,디지틀조선,033130,19.678003565301175,28.921941206459945,51.400053365593735,1692,1759,1641,7
KOSDAQ,디지털대성,068930,36.611492872854456,37.324662840212014,26.063842796817404,9180,9547,8904,4
KOSDAQ,디케이락,105740,46.17665123007822,36.98639037292193,16.83695467170955,11360,11814,11019,59
KOSDAQ,디케이앤디,263020,24.903611891448584,28.879155461172513,46.21723190232084,3100,3224,3007,10
KOSDAQ,디케이티,290550,43.56351693013457,32.778690647587915,23.657791677219457,25050,26052,24298,39
KOSDAQ,디티씨,066670,37.054992147301164,30.827902044547905,32.11711027849928,3295,3426,3196,35
KOSDAQ,디티앤씨알오,383930,38.25329624192434,40.73259647349462,21.014105049406872,2355,2449,2284,88
KOSDAQ,디티앤씨,187220,31.74658513737531,32.46247315203083,35.79094320070998,2015,2095,1954,22
KOSDAQ,딜리,131180,31.230378757063352,42.80209968638675,25.96752081149184,4145,4310,4020,0
KOSDAQ,딥노이드,315640,34.60209071188282,40.23397373917522,25.163933313767785,2130,2215,2066,22
KOSDAQ,라닉스,317120,40.19479716541111,34.64289767920362,25.162305155385273,1595,1658,1547,36
KOSDAQ,딥커머스,900110,36.216292249134355,44.4387684360072,19.344937079684257,6170,6416,5984,10
KOSDAQ,라메디텍,462510,39.40297396081069,37.34815602615481,23.24887448338286,3445,3582,3341,5
KOSDAQ,라온시큐어,042510,40.74276890215931,43.064695542587984,16.19253853548494,15650,16276,15180,59
KOSDAQ,라온텍,418420,31.905213412053516,36.1638763950514,31.93091317312732,4075,4238,3952,21
KOSDAQ,라온로보틱스,232680,34.893094035675645,35.50772232810186,29.59918512633861,11070,11512,10737,31
KOSDAQ,라온피플,300120,37.48604347948342,39.961772304635645,22.552183470822875,3005,3125,2914,5
KOSDAQ,라이콤,388790,32.4639794448948,36.388618256551055,31.147402298554148,5300,5512,5141,10
KOSDAQ,라이온켐텍,171120,31.512353365741706,28.2945319836579,40.193116140716505,2030,2111,1969,12
KOSDAQ,라파스,214260,22.210378410628813,40.84512921635202,36.94448939278693,7480,7779,7255,9
KOSDAQ,램테크놀러지,171010,36.874878633383155,33.12598868862074,29.999131932938063,2850,2964,2764,59
KOSDAQ,러셀,217500,35.331742159288815,33.61724348691917,31.051014353792006,1535,1596,1488,119
KOSDAQ,랩지노믹스,084650,40.5195179926544,41.6857252023018,17.79475755010186,2750,2860,2667,26
KOSDAQ,레몬,294140,42.02045100876145,35.091965860890326,22.887582385290173,2815,2927,2730,9
KOSDAQ,레드캡투어,038390,21.755751842936387,28.860476435270332,49.38377172179328,10000,10400,9700,8
KOSDAQ,레뷰코퍼레이션,443250,26.909420366556912,37.0867514623922,36.00382593587671,5370,5584,5208,27
KOSDAQ,레이,228670,27.455516505633927,36.28139923750909,36.263085746973104,4365,4539,4234,12
KOSDAQ,레이언스,228850,33.6604360772256,39.9140309417356,26.425532981038803,8120,8444,7876,8
KOSDAQ,레이저쎌,412350,36.765967300613134,33.54566799229979,29.68836023673872,6940,7217,6731,46
KOSDAQ,레이저옵텍,199550,35.28925275382947,39.737999782672226,24.972744483266066,3170,3296,3074,34
KOSDAQ,레이크머티리얼즈,281740,30.91012463867554,35.131072915871506,33.958800955336834,12990,13509,12600,46
KOSDAQ,레인보우로보틱스,277810,30.288336213883404,29.578008570858056,40.13365447020048,439000,456560,425830,25
KOSDAQ,로보스타,090360,30.07887482556643,36.50168476978916,33.419435934296054,77400,80496,75078,21
KOSDAQ,로보로보,215100,30.146133425499954,29.389079750915016,40.46478607852696,4125,4290,4001,11
KOSDAQ,로보티즈,108490,33.7226028819166,35.82623719232998,30.451158435637304,305000,317200,295850,13
KOSDAQ,로젠,033290,28.588858254884574,37.61517556625559,33.79596841403403,1543,1604,1496,34
KOSDAQ,로스웰,900260,30.409544654472658,41.85087845559957,27.73957539981165,1937,2014,1878,0
KOSDAQ,로지시스,067730,24.881918078623215,32.88347206021417,42.23460539081427,2170,2256,2104,18
KOSDAQ,로킷헬스케어,376900,26.31869498209679,41.20727328952823,32.474031728374975,27050,28132,26238,28
KOSDAQ,로체시스템즈,071280,41.08700809177472,35.47745697151567,23.435536426825728,9120,9484,8846,11
KOSDAQ,루닛,328130,36.32923755106241,38.50016259902118,25.170601340032515,11180,11627,10844,31
KOSDAQ,루미르,474170,29.16373009744122,45.79910596585286,25.03716766199623,6580,6843,6382,30
KOSDAQ,루트K,195990,27.247768447738796,46.21918990992639,26.53303940716063,1110,1154,1076,29
KOSDAQ,리드코프,012700,31.47857216779162,38.19519429586033,30.32623651658029,2890,3005,2803,1
KOSDAQ,리브스메드,491000,30.47248029394714,37.6480856116014,31.8794333493934,38100,39624,36957,27
KOSDAQ,리더스코스메틱,016100,32.696249702868684,37.268454303210405,30.03529301368867,1278,1329,1239,0
KOSDAQ,리메드,302550,23.900709459334447,32.23901837636841,43.86027365441326,2605,2709,2526,6
KOSDAQ,리센스메디컬,394420,21.786847976450787,38.705964456116206,39.50718533225883,8110,8434,7866,64
KOSDAQ,리튬포어스,073570,40.488469251714776,34.10606575328343,25.40546872029209,2810,2922,2725,89
KOSDAQ,리파인,377450,34.86171633513665,34.382025606621916,30.75625731318339,13840,14393,13424,5
KOSDAQ,린드먼아시아,277070,31.289601183808703,47.51614158830625,21.194260208117292,3385,3520,3283,7
KOSDAQ,링크솔루션,474650,33.29028608094307,37.95085566850244,28.758858995612545,25100,26104,24347,32
KOSDAQ,링네트,042500,36.01079545889364,37.82830519637379,26.1608971095584,4335,4508,4204,32
KOSDAQ,링크드,193250,48.26697307738986,33.68438589411266,18.048645498845843,1821,1893,1766,24
KOSDAQ,마녀공장,439090,26.492017554679048,37.155501917612135,36.35248052770881,15470,16088,15005,18
KOSDAQ,링크제니시스,219420,25.038259693086566,32.937252468880814,42.02448783803262,3160,3286,3065,8
KOSDAQ,마니커에프앤지,195500,32.57684548072491,38.08014287305711,29.343012391276034,1706,1774,1654,3
KOSDAQ,마음AI,377480,32.456661288167965,36.14783262974667,31.395503101853123,10090,10493,9787,13
KOSDAQ,마이크로컨텍솔,098120,34.751567899012734,37.529489410533905,27.718945670685603,60800,63232,58976,10
KOSDAQ,마이크로투나노,424980,39.501872920070454,35.31491579394817,25.18320979586526,10320,10732,10010,24
KOSDAQ,마크로젠,038290,32.40294861652803,35.589425410876316,32.00762597259566,12250,12740,11882,46
KOSDAQ,마키나락스,477850,33.14835398745098,36.081399130496365,30.77024688205265,22050,22932,21388,20
KOSDAQ,매일유업,267980,30.990106308616472,38.45125899966518,30.558637671950596,34750,36140,33707,24
KOSDAQ,매커스,093520,33.00846856549073,33.94172391387645,33.04981050086506,28800,29952,27936,8
KOSDAQ,머큐리,100590,44.894586281584324,36.44955457817137,18.655855787483038,6060,6302,5878,20
KOSDAQ,매일홀딩스,005990,40.601239556376726,29.5000111632457,29.898747045203393,10290,10701,9981,18
KOSDAQ,멀티캠퍼스,067280,40.843232682527386,37.1385417333607,22.01822781928609,26050,27092,25268,13
KOSDAQ,메가스터디,072870,29.465942771390473,35.659055939960716,34.87500128864881,13130,13655,12736,4
KOSDAQ,메가엠디,133750,38.60819566010565,39.48601780755836,21.905784297161805,1390,1445,1348,21
KOSDAQ,메가스터디교육,215200,25.98087909163923,38.37560507758567,35.64351732089121,38450,39988,37296,28
KOSDAQ,메가터치,446540,48.592306034597414,29.113030439825867,22.294662035460604,11610,12074,11261,38
KOSDAQ,메디아나,041920,32.61743480442413,29.849475712341988,37.53309097335,10160,10566,9855,34
KOSDAQ,메드팩토,235980,36.62190571414009,38.97981885264271,24.398274688159137,3030,3151,2939,32
KOSDAQ,메디앙스,014100,32.02407925551234,38.36878486569616,29.607135878791496,1544,1605,1497,6
KOSDAQ,메디톡스,086900,31.017137749125823,40.403585243718844,28.57927402692309,66600,69264,64602,26
KOSDAQ,메리츠제1호스팩,0088D0,28.27892161148823,44.90587038009727,26.815208753472568,2075,2158,2012,0
KOSDAQ,메디포스트,078160,36.76545180773574,36.98076773810134,26.253781944279037,9870,10264,9573,47
KOSDAQ,메쎄이상,408920,37.624788190243194,33.5401932240231,28.835022311024016,2980,3099,2890,10
KOSDAQ,메이슨캐피탈,021880,31.182333605580375,40.53649070662774,28.281175687791894,1143,1188,1108,12
KOSDAQ,메쥬,0088M0,41.26511447959442,35.39499034698535,23.339892193187982,15290,15901,14831,28
KOSDAQ,메카로,241770,29.104637127013937,35.5338235944179,35.361540768684286,39300,40872,38121,14
KOSDAQ,메지온,140410,32.41236642287587,35.104279044753675,32.48335453237047,67200,69888,65184,19
KOSDAQ,멕아이씨에스,058110,29.468145695126847,41.371821293445876,29.160030031195046,1627,1692,1578,48
KOSDAQ,메타바이오메드,059210,30.16539828524679,36.8364463679382,32.998155346815004,3770,3920,3656,22
KOSDAQ,모니터랩,434480,35.97318470192025,37.69432127537182,26.332497002940176,3005,3125,2914,13
KOSDAQ,모다이노칩,080420,32.06556885355097,39.13748197770451,28.796949168744522,1604,1668,1555,89
KOSDAQ,모델솔루션,417970,49.17406007275409,27.862221569433608,22.9637183578123,11100,11544,10767,25
KOSDAQ,모두투어,080160,30.506409767419342,39.47190017064424,30.021691552052538,7930,8247,7692,8
KOSDAQ,모베이스,101330,33.846304346563606,28.64117471450904,37.512522429043486,4085,4248,3962,38
KOSDAQ,모비릭스,348030,31.543086088179116,36.66766338862335,31.7892527583717,3585,3728,3477,50
KOSDAQ,모비데이즈,363260,34.25684599401666,36.76273586826877,28.980421863004867,4070,4232,3947,0
KOSDAQ,모베이스전자,012860,34.44212778461079,34.895729797306984,30.662139437849987,2470,2568,2395,41
KOSDAQ,모아데이타,288980,40.65620147341948,40.19394542616973,19.149850865236612,263,273,255,137
KOSDAQ,모비스,250060,30.47269859363444,36.49374713923237,33.03355575724931,3120,3244,3026,28
KOSDAQ,모아라이프플러스,142760,47.3904828423718,35.93645478428569,16.673066098632805,534,555,517,204
KOSDAQ,모아텍,033200,28.06218027203,40.07653728421933,31.861283933866797,2405,2501,2332,8
KOSDAQ,모트렉스,118990,32.052408494063435,36.50955782128346,31.43803368465311,6260,6510,6072,9
KOSDAQ,모티브링크,463480,29.506941240148954,37.52995788156509,32.96309491782148,4025,4186,3904,4
KOSDAQ,모헨즈,006920,26.218868573565512,35.37419931250786,38.40693062381051,3000,3120,2910,8
KOSDAQ,무림SP,001810,26.72844127885712,36.73757318301831,36.53398553812457,1115,1159,1081,11
KOSDAQ,미디어젠,279600,30.376996506287334,34.8539632418768,34.76903876171974,3815,3967,3700,42
KOSDAQ,미래나노텍,095500,20.65097848080902,29.61688879123085,49.732129747727896,7160,7446,6945,38
KOSDAQ,미래반도체,254490,32.21077795091709,32.223568820937324,35.565654718261705,19090,19853,18517,58
KOSDAQ,미래생명자원,218150,33.177060502800124,36.49364010951569,30.32929789756807,1848,1921,1792,16
KOSDAQ,미래에셋벤처투자,100790,32.76021388444059,35.95702629843151,31.282761307244026,17290,17981,16771,32
KOSDAQ,미래에셋비전스팩10호,0097F0,31.0859858710162,49.65468922957871,19.25932787963733,1991,2070,1931,0
KOSDAQ,미래에셋비전스팩11호,0099W0,23.48217608579742,48.60979999558607,27.908025408732634,1990,2069,1930,0
KOSDAQ,미래에셋비전스팩4호,477380,28.271504208794752,33.82726890565708,37.90122539543204,2075,2158,2012,82
KOSDAQ,미래에셋비전스팩5호,477470,28.12388691068215,39.8905877566047,31.98552533271315,2070,2152,2007,0
KOSDAQ,미래에셋비전스팩6호,478440,32.80382476608011,38.36358080287963,28.832595176098312,2070,2152,2007,2
KOSDAQ,미래에셋비전스팩8호,0093G0,31.050763867806054,48.90976110088693,20.039475031307013,1995,2074,1935,2
KOSDAQ,미래에셋비전스팩9호,0096D0,25.193656684237244,53.93684782922714,20.869496976651742,1998,2077,1938,0
KOSDAQ,미스터블루,207760,35.421452979693704,39.242721624079465,25.335826886342954,2135,2220,2070,0
KOSDAQ,미래컴퍼니,049950,39.025560356073946,32.30238021063219,28.672062413526106,11300,11752,10961,39
KOSDAQ,미코,059090,39.42666482238178,32.698123775448394,27.875212892285937,25100,26104,24347,93
KOSDAQ,미트박스,475460,31.287410080868682,42.835356661239544,25.877233257891767,2760,2870,2677,43
KOSDAQ,민테크,452200,30.3994806759765,39.72482107419943,29.87569377947571,1682,1749,1631,11
KOSDAQ,미투온,201490,31.24752167510793,39.53007035426542,29.22241020580083,3250,3380,3152,4
KOSDAQ,바디텍메드,206640,25.908848027590153,40.59305192840981,33.49809855388393,9930,10327,9632,28
KOSDAQ,바이넥스,053030,33.50434428375334,39.88433328538347,26.611325411095432,6410,6666,6217,20
KOSDAQ,바른손이앤에이,035620,29.874711993974646,43.033444916765625,27.09184681455003,617,641,598,81
KOSDAQ,바이브컴퍼니,301300,38.907432465683584,34.445083484435855,26.647486285054743,1750,1820,1697,5
KOSDAQ,바이오니아,064550,39.858264498008126,33.7590925988672,26.382646628414967,8560,8902,8303,7
KOSDAQ,바이오다인,314930,25.847046766916737,42.047394861144184,32.1055598620552,6670,6936,6469,9
KOSDAQ,바이오비쥬,489460,43.508390604105365,34.91155533948196,21.58005778170297,11840,12313,11484,43
KOSDAQ,바이오솔루션,086820,37.38637374835299,36.391957426980646,26.221667334550247,6590,6853,6392,9
KOSDAQ,바이오스마트,038460,31.763168733228397,30.495178452629673,37.74165430425805,2850,2964,2764,15
KOSDAQ,바이오에프디엔씨,251120,37.211861597451744,36.334130890565994,26.454007511982258,10180,10587,9874,107
KOSDAQ,바이오인프라,199730,26.652818494957053,41.284752475187915,32.062430519971144,903,939,875,55
